,workingday,weather,temperature,humidity,windspeed,season_Fall,season_Spring,season_Summer,season_Winter,count
10148,0,1,0.44,0.21,0.1343,False,False,False,True,134
14578,1,1,0.8,0.59,0.4627,False,False,True,False,292
3537,1,2,0.7,0.79,0.1642,False,True,False,False,284
3941,0,1,0.6,0.88,0.0896,False,True,False,False,20
15165,0,2,0.54,0.56,0.2239,True,False,False,False,92
4277,0,1,0.64,0.53,0.0,False,False,True,False,26
7494,0,1,0.48,0.36,0.2537,True,False,False,False,95
11889,1,2,0.64,0.73,0.20259243119266054,False,True,False,False,184
4319,0,2,0.66,0.6385647058823529,0.1642,False,False,True,False,167
11032,1,1,0.5,0.36,0.4478,False,True,False,False,276
14995,0,1,0.6,0.73,0.2836,False,False,True,False,172
8588,1,2,0.3,0.52,0.0896,False,False,False,True,177
5389,1,1,0.78,0.43,0.1045,False,False,True,False,128
5103,1,1,0.78,0.52,0.16999230769230772,False,False,True,False,204
16997,0,2,0.36,0.62,0.0,True,False,False,False,110
8554,1,1,0.32,0.57,0.3582,False,False,False,True,9
3000,1,1,0.52,0.68,0.20259243119266054,False,True,False,False,116
5145,0,1,0.7,0.84,0.194,False,False,True,False,39
1665,1,1,0.32,0.53,0.0,False,False,False,True,19
14382,1,1,0.74,0.66,0.194,False,False,True,False,229
15352,0,1,0.46,0.59,0.1343,True,False,False,False,215
6885,1,3,0.52,0.94,0.3284,True,False,False,False,130
16453,1,1,0.24,0.81,0.0,True,False,False,False,77
3623,0,2,0.66,0.47,0.1045,False,True,False,False,185
15878,0,3,0.42,0.94,0.3582,True,False,False,False,54
915,1,1,0.28793893129771,0.27,0.2985,False,False,False,True,80
16435,0,1,0.46,0.6582070707070706,0.0,True,False,False,False,269
11444,1,1,0.5,0.59,0.4478,False,True,False,False,35
16945,1,1,0.3,0.45,0.0,True,False,False,False,241
10045,1,1,0.4,0.28,0.1045,False,False,False,True,134
11560,1,1,0.64,0.65,0.1343,False,True,False,False,282
16864,1,3,0.46,0.94,0.2239,True,False,False,False,134
12391,1,2,0.54,0.56,0.2239,False,True,False,False,247
2281,0,2,0.36,0.93,0.1343,False,True,False,False,87
9989,0,1,0.22,0.44,0.3284,False,False,False,True,2
6866,1,1,0.62,0.57,0.2537,True,False,False,False,304
3916,1,1,0.56,0.94,0.1045,False,True,False,False,13
14178,0,1,0.64,0.65,0.0896,False,False,True,False,235
6834,1,2,0.5,0.51,0.2537,True,False,False,False,414
6246,1,2,0.62,0.94,0.1343,False,False,True,False,285
8815,0,1,0.34,0.42,0.1343,False,False,False,True,32
10192,1,3,0.28,0.5804627249357327,0.6567,False,False,False,True,375
7927,1,1,0.26,0.7,0.0896,True,False,False,False,73
11339,0,3,0.38,0.87,0.4478,False,True,False,False,36
7284,0,1,0.3,0.52,0.2985,True,False,False,False,8
10111,1,1,0.3,0.81,0.0,False,False,False,True,314
8592,1,1,0.3,0.56,0.1045,False,False,False,True,135
2771,0,1,0.533015873015873,0.51,0.3582,False,True,False,False,156
6937,1,1,0.5,0.45,0.2537,True,False,False,False,302
2874,1,1,0.5,0.45,0.4627,False,True,False,False,195
7377,1,1,0.4294206549118388,0.87,0.0,True,False,False,False,13
3251,1,1,0.54,0.68,0.20259243119266054,False,True,False,False,234
8706,1,1,0.16,0.43,0.5224,False,False,False,True,79
3673,1,1,0.64,0.69,0.0896,False,True,False,False,60
13312,1,1,0.72,0.54,0.0,False,False,True,False,299
5086,1,2,0.7,0.74,0.194,False,False,True,False,286
6341,1,1,0.66,0.82,0.0896,True,False,False,False,383
4997,1,1,0.7,0.79,0.1642,False,False,True,False,4
469,1,1,0.28793893129771,0.25,0.5224,False,False,False,True,62
14284,1,2,0.6999518072289157,0.7,0.0,False,False,True,False,412
4543,1,1,0.74,0.58,0.194,False,False,True,False,26
4563,1,1,0.66,0.61,0.2537,False,False,True,False,25
16038,1,1,0.26,0.6,0.1343,True,False,False,False,53
4786,0,1,0.84,0.49,0.2537,False,False,True,False,109
14652,1,1,0.78,0.59,0.3284,False,False,True,False,772
8548,1,1,0.32,0.87,0.0896,False,False,False,True,32
6568,1,1,0.4,0.66,0.194,True,False,False,False,114
4868,1,1,0.84,0.39,0.3881,False,False,True,False,546
16275,1,2,0.32,0.66,0.1045,True,False,False,False,224
486,0,1,0.02,0.44,0.3284,False,False,False,True,27
6469,0,3,0.34,0.87,0.2836,True,False,False,False,9
14884,1,1,0.58,0.68,0.1343,False,False,True,False,299
13935,1,1,0.74,0.66,0.194,False,False,True,False,500
6514,1,2,0.4,0.87,0.1720665036674817,True,False,False,False,27
4249,1,1,0.66,0.5,0.0,False,False,True,False,126
2688,1,2,0.6,0.83,0.194,False,True,False,False,148
16700,1,1,0.6,0.56,0.0,True,False,False,False,268
1503,1,1,0.26,0.5804627249357327,0.0896,False,False,False,True,10
738,1,1,0.18,0.43,0.2537,False,False,False,True,1
7503,1,2,0.44,0.72,0.2239,True,False,False,False,114
2033,1,2,0.36,0.6218409090909092,0.2985,False,True,False,False,80
12987,0,1,0.64,0.89,0.1642,False,False,True,False,194
771,1,2,0.28,0.45,0.1642,False,False,False,True,91
8838,1,1,0.24,0.56,0.1343,False,False,False,True,5
6553,1,1,0.64,0.47,0.2836,True,False,False,False,182
5836,0,2,0.68,0.79,0.2836,False,False,True,False,253
2931,0,1,0.42,0.6218409090909092,0.1045,False,True,False,False,58
9011,0,1,0.1,0.58,0.1642,False,False,False,True,78
9764,1,2,0.32,0.87,0.1642,False,False,False,True,258
17053,1,1,0.38,0.94,0.1720665036674817,True,False,False,False,662
2495,1,1,0.56,0.37,0.2836,False,True,False,False,151
4529,1,1,0.9,0.42,0.3582,False,False,True,False,148
11362,1,2,0.36,0.62,0.3881,False,True,False,False,112
5314,0,2,0.66,0.89,0.2836,False,False,True,False,41
13430,1,2,0.76,0.62,0.1045,False,False,True,False,516
16894,1,1,0.32,0.53,0.2239,True,False,False,False,601
16671,0,2,0.3,0.87,0.0,True,False,False,False,293
9072,1,1,0.18,0.47,0.2537,False,False,False,True,78
13564,1,1,0.84,0.53,0.16999230769230772,False,False,True,False,339
9640,0,2,0.28793893129771,0.61,0.2985,False,False,False,True,124
7426,0,1,0.32,0.57,0.3284,True,False,False,False,19
5498,1,1,0.68,0.79,0.1642,False,False,True,False,40
16359,1,2,0.36,0.66,0.2537,True,False,False,False,278
5278,1,1,0.72,0.42,0.2239,False,False,True,False,287
2606,0,1,0.52,0.83,0.4179,False,True,False,False,291
1409,1,2,0.2,0.55,0.194,False,False,False,True,12
1403,1,1,0.24,0.35,0.3284,False,False,False,True,167
7269,1,2,0.48,0.55,0.4925,True,False,False,False,197
16835,0,3,0.4,0.94,0.1045,True,False,False,False,6
1234,1,2,0.38,0.54,0.2985,False,False,False,True,88
13368,1,1,0.66,0.78,0.1045,False,False,True,False,50
10175,1,1,0.24,0.48,0.1343,False,False,False,True,6
4271,1,1,0.7,0.45,0.194,False,False,True,False,218
15928,1,3,0.36,0.57,0.1045,True,False,False,False,331
11296,1,1,0.56,0.68,0.1343,False,True,False,False,287
15442,1,1,0.6,0.6582070707070706,0.1642,True,False,False,False,319
12315,0,1,0.54,0.64,0.1642,False,True,False,False,210
15453,1,1,0.42,0.5,0.1343,True,False,False,False,11
16978,0,2,0.26,0.75,0.0,True,False,False,False,3
11104,1,1,0.42,0.35,0.1343,False,True,False,False,187
828,0,1,0.24,0.65,0.0,False,False,False,True,30
2136,0,2,0.42,0.44,0.2239,False,True,False,False,45
10497,0,2,0.44,0.88,0.1343,False,False,False,True,503
15391,0,2,0.42,0.63,0.1642,True,False,False,False,341
14321,1,2,0.7,0.61,0.0,False,False,True,False,251
11049,1,1,0.52,0.6218409090909092,0.1642,False,True,False,False,283
6856,1,1,0.46,0.82,0.1720665036674817,True,False,False,False,109
11304,0,1,0.5,0.82,0.2537,False,True,False,False,1
14032,0,1,0.72,0.51,0.0896,False,False,True,False,220
2267,0,2,0.32,0.93,0.1642,False,True,False,False,54
13191,0,1,0.76,0.7,0.0896,False,False,True,False,285
6735,1,2,0.54,1.0,0.1045,True,False,False,False,17
7432,0,1,0.28,0.45,0.2537,True,False,False,False,121
49,1,1,0.16,0.47,0.3881,False,False,False,True,1
2337,1,2,0.54,0.68,0.2239,False,True,False,False,189
14784,1,1,0.52,0.83,0.0,False,False,True,False,57
6620,0,1,0.52,0.77,0.0,True,False,False,False,337
2165,1,2,0.54,0.73,0.3284,False,True,False,False,5
7708,1,3,0.4294206549118388,0.94,0.1045,True,False,False,False,111
2392,1,1,0.56,0.35,0.0896,False,True,False,False,137
13932,1,2,0.8,0.55,0.2836,False,False,True,False,858
1705,1,2,0.44,0.54,0.2985,False,False,False,True,253
8266,1,1,0.48,0.77,0.1045,True,False,False,False,23
12781,1,1,0.86,0.41,0.194,False,False,True,False,640
16244,1,1,0.36,0.43,0.1343,True,False,False,False,181
17354,0,1,0.2,0.51,0.2239,False,False,False,True,49
6133,0,1,0.44,0.82,0.194,False,False,True,False,36
9255,1,2,0.38,0.71,0.0,False,False,False,True,173
15,0,2,0.44,0.77,0.2985,False,False,False,True,110
16176,0,1,0.52,0.45,0.1343,True,False,False,False,405
3986,1,1,0.66,0.83,0.1642,False,True,False,False,26
15251,1,3,0.62,0.88,0.1343,True,False,False,False,374
6544,1,1,0.44,0.82,0.1045,True,False,False,False,117
16295,1,1,0.36,0.46,0.194,True,False,False,False,580
4971,0,1,0.6999518072289157,0.62,0.0896,False,False,True,False,79
11652,0,2,0.68,0.65,0.2985,False,True,False,False,502
4429,1,2,0.74,0.74,0.2537,False,False,True,False,165
12911,1,1,0.6,0.4,0.2537,False,False,True,False,11
482,0,2,0.04,0.5804627249357327,0.2836,False,False,False,True,7
10445,1,2,0.4,0.87,0.2239,False,False,False,True,562
16110,1,1,0.4294206549118388,0.49,0.3284,True,False,False,False,55
13729,1,1,0.64,0.89,0.1642,False,False,True,False,194
1845,1,1,0.5,0.42,0.2239,False,True,False,False,134
2930,0,1,0.42,0.82,0.1343,False,True,False,False,86
848,1,2,0.32,0.7,0.22123350253807106,False,False,False,True,128
15487,1,1,0.54,0.39,0.4627,True,False,False,False,387
1477,0,3,0.24,0.93,0.6119,False,False,False,True,7
3594,1,1,0.72,0.26,0.3284,False,True,False,False,349
6337,1,1,0.72,0.62,0.1343,True,False,False,False,209
3156,1,1,0.62,0.65,0.0896,False,True,False,False,112
17102,1,2,0.3,0.7,0.0,True,False,False,False,317
3657,1,1,0.62,0.78,0.1045,False,True,False,False,299
6223,1,2,0.6,0.6385647058823529,0.0896,False,False,True,False,200
14973,1,1,0.52,0.72,0.0,False,False,True,False,14
13172,0,1,0.6999518072289157,0.56,0.1045,False,False,True,False,124
6108,0,1,0.46,0.82,0.0896,False,False,True,False,79
10408,1,1,0.64,0.5804627249357327,0.1642,False,False,False,True,472
7547,1,2,0.46,0.6582070707070706,0.1045,True,False,False,False,10
13573,1,1,0.76,0.62,0.3284,False,False,True,False,877
9191,1,2,0.26,1.0,0.2836,False,False,False,True,120
6226,1,1,0.6999518072289157,0.94,0.1045,False,False,True,False,41
8709,1,1,0.14,0.26,0.4627,False,False,False,True,245
6262,1,3,0.62,0.94,0.1045,True,False,False,False,29
12327,0,1,0.62,0.35,0.20259243119266054,False,True,False,False,399
14186,0,2,0.62,0.69,0.1343,False,False,True,False,41
1535,1,2,0.24,0.87,0.1343,False,False,False,True,249
5329,0,3,0.6,0.83,0.0,False,False,True,False,27
3620,0,2,0.74,0.3,0.1642,False,True,False,False,341
9077,1,1,0.12,0.54,0.1045,False,False,False,True,4
6109,0,1,0.46,0.72,0.1343,False,False,True,False,28
1800,0,1,0.4,0.35,0.2836,False,False,False,True,226
41,0,2,0.36,0.46,0.3284,False,False,False,True,53
13878,1,1,0.76,0.66,0.1343,False,False,True,False,260
1831,1,1,0.42,1.0,0.1343,False,True,False,False,19
16778,1,2,0.24,0.6,0.1343,True,False,False,False,191
4470,0,1,0.66,0.69,0.0896,False,False,True,False,5
14160,0,1,0.6,0.78,0.2537,False,False,True,False,9
13871,1,2,0.72,0.74,0.1343,False,False,True,False,11
11545,1,3,0.52,0.77,0.1045,False,True,False,False,26
3434,0,1,0.58,0.88,0.1343,False,True,False,False,94
7026,1,1,0.48,0.55,0.2239,True,False,False,False,223
7968,0,1,0.38,0.46,0.1720665036674817,True,False,False,False,305
414,1,2,0.24,0.92,0.1045,False,False,False,True,90
330,0,1,0.14,0.63,0.1045,False,False,False,True,3
11280,1,1,0.42,0.94,0.0,False,True,False,False,25
4675,1,1,0.84,0.49,0.3284,False,False,True,False,545
8439,1,1,0.38,0.5804627249357327,0.2239,False,False,False,True,92
3370,1,1,0.533015873015873,0.69,0.2239,False,True,False,False,531
8032,1,2,0.46,0.94,0.194,True,False,False,False,414
11728,1,2,0.64,0.65,0.2836,False,True,False,False,223
8355,1,2,0.36,0.6582070707070706,0.1642,True,False,False,False,251
4332,0,2,0.76,0.55,0.0896,False,False,True,False,280
9977,0,1,0.3,0.28,0.5821,False,False,False,True,133
4131,0,1,0.64,0.53,0.1045,False,False,True,False,90
531,1,1,0.02,0.48,0.0,False,False,False,True,84
10485,0,1,0.46,0.88,0.194,False,False,False,True,107
10915,1,1,0.52,0.23,0.4179,False,True,False,False,131
10809,0,1,0.48,0.67,0.0,False,True,False,False,621
10828,0,2,0.36,0.71,0.1343,False,True,False,False,84
11182,0,1,0.58,0.68,0.194,False,True,False,False,8
2747,1,1,0.54,0.39,0.3284,False,True,False,False,230
10612,1,2,0.5,0.93,0.1343,False,True,False,False,346
5377,1,1,0.66,0.65,0.1343,False,False,True,False,77
15823,1,2,0.58,0.73,0.194,True,False,False,False,392
2295,0,2,0.42,0.88,0.1343,False,True,False,False,230
16064,1,2,0.28,0.61,0.2537,True,False,False,False,92
6996,1,1,0.4,0.82,0.0896,True,False,False,False,4
15659,1,3,0.62,0.69,0.3582,True,False,False,False,565
4237,1,1,0.74,0.37,0.1343,False,False,True,False,169
15225,1,2,0.6,0.43,0.1045,True,False,False,False,244
15621,1,1,0.4294206549118388,0.82,0.194,True,False,False,False,14
11134,0,1,0.36,0.66,0.0896,False,True,False,False,32
9350,1,1,0.26,0.35,0.3881,False,False,False,True,134
2090,1,1,0.3,0.61,0.0896,False,True,False,False,53
13486,0,3,0.6,0.6385647058823529,0.2537,False,False,True,False,25
15399,0,3,0.4,0.71,0.2239,True,False,False,False,227
4172,1,1,0.74,0.51,0.0,False,False,True,False,591
10977,0,1,0.5,0.22,0.194,False,True,False,False,643
4235,1,1,0.7,0.42,0.2239,False,False,True,False,260
3038,1,1,0.6,0.6218409090909092,0.0,False,True,False,False,226
8010,1,2,0.36,0.87,0.0896,True,False,False,False,87
14694,0,1,0.66,0.47,0.2537,False,False,True,False,585
16436,0,1,0.48,0.29,0.0,True,False,False,False,220
13179,0,1,0.84,0.53,0.1343,False,False,True,False,130
1052,1,1,0.46,0.28,0.4179,False,False,False,True,82
16283,1,2,0.3,0.65,0.0896,True,False,False,False,36
10516,1,1,0.46,0.88,0.194,False,False,False,True,354
15286,1,2,0.62,0.88,0.0,True,False,False,False,11
10301,0,1,0.22,0.44,0.2537,False,False,False,True,40
6470,0,2,0.34,0.87,0.2537,True,False,False,False,7
9353,1,1,0.32,0.24,0.194,False,False,False,True,138
17151,0,1,0.26,0.5804627249357327,0.3284,False,False,False,True,118
3711,1,1,0.9,0.42,0.0,False,True,False,False,136
1968,0,1,0.28,0.36,0.1642,False,True,False,False,57
16424,0,1,0.24,0.75,0.0896,True,False,False,False,18
902,1,3,0.14,0.8,0.1343,False,False,False,True,3
9565,1,2,0.28,0.65,0.2836,False,False,False,True,138
2656,1,1,0.72,0.54,0.2239,False,True,False,False,146
11698,1,2,0.62,0.53,0.2985,False,True,False,False,262
3626,0,1,0.64,0.57,0.0896,False,True,False,False,113
6428,1,1,0.6,0.64,0.0,True,False,False,False,168
8375,1,2,0.44,0.54,0.0,True,False,False,False,154
9389,1,1,0.44,0.44,0.194,False,False,False,True,3
15757,1,1,0.62,0.53,0.0896,True,False,False,False,826
574,1,3,0.2,0.86,0.2836,False,False,False,True,1
12815,0,2,0.64,0.83,0.1642,False,False,True,False,19
647,0,1,0.14,0.86,0.0,False,False,False,True,3
7343,1,1,0.4294206549118388,0.37,0.1642,True,False,False,False,145
742,1,1,0.14,0.5,0.3582,False,False,False,True,188
13576,1,1,0.74,0.66,0.2239,False,False,True,False,378
12538,1,1,0.8,0.41,0.3582,False,True,False,False,259
5216,1,1,0.6999518072289157,0.61,0.0,False,False,True,False,119
4133,0,1,0.6,0.6385647058823529,0.1045,False,False,True,False,34
17157,0,1,0.3,0.39,0.4478,False,False,False,True,147
14806,1,1,0.54,0.77,0.0,False,False,True,False,14
13733,1,1,0.72,0.6385647058823529,0.0,False,False,True,False,227
6243,1,2,0.66,0.78,0.0896,False,False,True,False,563
17155,0,1,0.32,0.36,0.4627,False,False,False,True,161
5643,0,1,0.78,0.43,0.4179,False,False,True,False,447
16820,0,1,0.42,0.82,0.1642,True,False,False,False,541
2612,0,1,0.58,0.78,0.194,False,True,False,False,376
6355,1,3,0.64,0.89,0.194,True,False,False,False,193
15805,1,1,0.56,0.83,0.1045,True,False,False,False,809
7321,0,1,0.46,0.55,0.2239,True,False,False,False,347
11348,1,3,0.34,0.87,0.3582,False,True,False,False,2
14848,0,1,0.56,0.52,0.1045,False,False,True,False,296
9230,1,1,0.32,0.53,0.1343,False,False,False,True,193
6434,1,1,0.62,0.53,0.2239,True,False,False,False,360
8211,1,1,0.32,0.49,0.1642,True,False,False,False,267
10453,1,3,0.48,0.77,0.22123350253807106,False,False,False,True,129
15232,1,2,0.54,0.73,0.1720665036674817,True,False,False,False,218
1435,0,2,0.3,0.87,0.194,False,False,False,True,20
7248,1,1,0.52,0.52,0.1642,True,False,False,False,162
10523,1,2,0.64,0.57,0.194,False,False,False,True,260
10204,1,1,0.18,0.51,0.1045,False,False,False,True,102
3560,1,1,0.66,0.39,0.1343,False,True,False,False,113
9097,1,1,0.26,0.48,0.3284,False,False,False,True,56
15483,1,1,0.42,0.71,0.1720665036674817,True,False,False,False,745
14971,1,1,0.54,0.68,0.0,False,False,True,False,66
15040,0,2,0.52,0.48,0.1045,True,False,False,False,196
8015,1,2,0.46,0.72,0.0896,True,False,False,False,148
16267,1,2,0.38,0.54,0.1045,True,False,False,False,217
11609,1,1,0.62,0.78,0.0,False,True,False,False,246
1545,1,2,0.34,0.76,0.2537,False,False,False,True,188
11361,1,3,0.36,0.62,0.4478,False,True,False,False,114
8999,0,1,0.16,0.37,0.1045,False,False,False,True,95
15567,1,2,0.52,0.72,0.3881,True,False,False,False,256
6649,0,1,0.68,0.51,0.1642,True,False,False,False,407
15841,0,2,0.5,0.82,0.194,True,False,False,False,31
13541,1,2,0.78,0.6385647058823529,0.0,False,False,True,False,200
15246,1,3,0.58,0.94,0.1343,True,False,False,False,99
2550,1,2,0.44,0.54,0.4478,False,True,False,False,6
2262,0,3,0.3,1.0,0.2537,False,True,False,False,14
15617,1,1,0.46,0.88,0.2537,True,False,False,False,215
9478,0,3,0.24,0.93,0.194,False,False,False,True,77
5323,0,1,0.76,0.62,0.1343,False,False,True,False,329
2395,1,1,0.6,0.28,0.0,False,True,False,False,388
5166,1,1,0.6999518072289157,0.89,0.1045,False,False,True,False,10
5445,1,3,0.62,0.73,0.4627,False,False,True,False,165
16073,1,2,0.28,0.56,0.2985,True,False,False,False,178
3872,1,1,0.5,0.63,0.2537,False,True,False,False,121
4252,1,1,0.62,0.69,0.0,False,False,True,False,13
14752,1,1,0.56,0.6,0.16999230769230772,False,False,True,False,310
10959,1,1,0.48,0.23,0.20259243119266054,False,True,False,False,412
7759,0,1,0.36,0.71,0.1642,True,False,False,False,22
1890,1,2,0.32,0.7,0.2239,False,True,False,False,101
15038,0,1,0.52,0.42,0.1642,True,False,False,False,413
1352,1,1,0.34,0.34,0.0,False,False,False,True,64
9874,1,2,0.26,0.7,0.2836,False,False,False,True,86
558,1,2,0.24,0.6,0.1343,False,False,False,True,61
3617,0,2,0.74,0.27,0.4179,False,True,False,False,404
10909,1,1,0.66,0.41,0.2985,False,True,False,False,744
2257,1,2,0.3,0.93,0.2985,False,True,False,False,51
7975,0,1,0.3,0.6582070707070706,0.1343,True,False,False,False,85
8284,1,2,0.32,0.45,0.194,True,False,False,False,152
4373,1,1,0.7,0.79,0.0,False,False,True,False,6
2782,0,1,0.44,0.62,0.1343,False,True,False,False,224
4916,1,1,0.84,0.56,0.2239,False,False,True,False,483
4541,1,1,0.74,0.58,0.194,False,False,True,False,4
4339,0,1,0.8,0.46,0.0,False,False,True,False,436
8656,0,1,0.34,0.76,0.22123350253807106,False,False,False,True,138
16513,0,1,0.26,0.41,0.0,True,False,False,False,127
1210,1,1,0.26,0.5804627249357327,0.0896,False,False,False,True,67
12365,1,1,0.64,0.6218409090909092,0.4627,False,True,False,False,187
5782,0,2,0.66,0.69,0.2537,False,False,True,False,201
2432,0,3,0.4,0.82,0.3284,False,True,False,False,10
9687,1,1,0.34,0.23,0.1045,False,False,False,True,135
11861,1,3,0.54,0.88,0.2537,False,True,False,False,59
15089,1,1,0.6,0.56,0.2836,True,False,False,False,188
8599,1,1,0.24,0.7,0.1045,False,False,False,True,12
7376,1,1,0.36,0.81,0.0,True,False,False,False,48
12247,1,1,0.7,0.54,0.0,False,True,False,False,253
14620,1,3,0.66,0.94,0.1343,False,False,True,False,123
728,1,1,0.36,0.53,0.5224,False,False,False,True,190
16895,1,1,0.32,0.53,0.2239,True,False,False,False,546
10026,1,1,0.5,0.29,0.3881,False,False,False,True,334
2924,1,3,0.54,0.52,0.3582,False,True,False,False,470
542,1,1,0.14,0.59,0.194,False,False,False,True,153
6982,0,1,0.52,0.55,0.194,True,False,False,False,415
11227,1,1,0.54,0.32,0.1642,False,True,False,False,38
9143,0,1,0.28793893129771,0.74,0.3284,False,False,False,True,69
9832,0,2,0.3,0.49,0.194,False,False,False,True,253
15913,1,2,0.4,0.58,0.1642,True,False,False,False,584
778,1,2,0.24,0.7,0.1642,False,False,False,True,43
11473,0,1,0.34,0.49,0.194,False,True,False,False,28
3689,1,2,0.82,0.41,0.3284,False,True,False,False,183
11798,1,1,0.64,0.23,0.2537,False,True,False,False,503
14438,1,1,0.7,0.6385647058823529,0.194,False,False,True,False,643
1059,1,1,0.36,0.46,0.194,False,False,False,True,92
3114,0,2,0.54,0.94,0.194,False,True,False,False,295
16813,0,2,0.38,0.94,0.0896,True,False,False,False,111
6933,1,1,0.5,0.45,0.2985,True,False,False,False,240
13900,1,2,0.7,0.74,0.1343,False,False,True,False,327
16823,0,1,0.4,0.6582070707070706,0.1045,True,False,False,False,304
5036,1,2,0.86,0.34,0.194,False,False,True,False,556
15586,1,1,0.54,0.41,0.3284,True,False,False,False,346
1651,1,1,0.32,0.53,0.22123350253807106,False,False,False,True,140
836,1,1,0.18,0.86,0.0,False,False,False,True,95
2960,0,2,0.44,0.6218409090909092,0.0,False,True,False,False,6
13314,1,2,0.72,0.45,0.1343,False,False,True,False,212
1976,1,1,0.18,0.6218409090909092,0.194,False,True,False,False,8
13039,1,1,0.84,0.32,0.194,False,False,True,False,257
13157,0,1,0.92,0.37,0.2239,False,False,True,False,325
15840,0,2,0.5,0.82,0.194,True,False,False,False,9
14471,1,1,0.64,0.89,0.1343,False,False,True,False,7
14917,1,2,0.6,0.88,0.1642,False,False,True,False,281
14182,0,2,0.62,0.6385647058823529,0.1642,False,False,True,False,55
2447,0,2,0.44,0.94,0.0,False,True,False,False,14
1941,0,1,0.34,0.23,0.194,False,True,False,False,248
8870,1,1,0.42,0.38,0.2985,False,False,False,True,101
144,1,1,0.2,0.69,0.1343,False,False,False,True,84
14258,1,1,0.62,0.78,0.0,False,False,True,False,553
15634,1,2,0.6,0.6,0.194,True,False,False,False,353
10270,1,2,0.58,0.49,0.4627,False,False,False,True,54
14821,1,1,0.72,0.45,0.2239,False,False,True,False,808
9635,0,3,0.22,0.93,0.1045,False,False,False,True,166
8952,1,1,0.24,0.41,0.2836,False,False,False,True,102
2798,0,2,0.48,0.77,0.1045,False,True,False,False,281
1349,1,1,0.3,0.39,0.1343,False,False,False,True,86
13896,1,1,0.7,0.79,0.1045,False,False,True,False,36
2498,1,1,0.5,0.55,0.2239,False,True,False,False,25
11821,0,2,0.66,0.31,0.194,False,True,False,False,546
3512,1,1,0.68,0.6218409090909092,0.0896,False,True,False,False,109
16934,1,1,0.28,0.52,0.2537,True,False,False,False,325
14424,1,1,0.6,0.6385647058823529,0.194,False,False,True,False,40
11932,1,1,0.54,0.52,0.4179,False,True,False,False,346
9457,1,1,0.26,0.7,0.1045,False,False,False,True,77
15902,1,2,0.3,0.87,0.1343,True,False,False,False,337
676,1,2,0.18,0.55,0.1045,False,False,False,True,68
5500,1,2,0.7,0.65,0.1045,False,False,True,False,8
10766,1,1,0.52,0.38,0.3881,False,True,False,False,703
473,1,1,0.12,0.3,0.2537,False,False,False,True,120
12012,0,1,0.72,0.45,0.3284,False,True,False,False,549
8923,1,1,0.46,0.67,0.194,False,False,False,True,281
11540,1,2,0.5,0.63,0.1343,False,True,False,False,21
16491,0,1,0.24,0.44,0.194,True,False,False,False,75
3779,0,1,0.74,0.62,0.1343,False,True,False,False,230
5132,0,2,0.72,0.79,0.4478,False,False,True,False,211
1854,1,3,0.36,0.71,0.2239,False,True,False,False,11
9657,0,1,0.08,0.53,0.2537,False,False,False,True,26
16384,1,2,0.4,0.66,0.0896,True,False,False,False,176
7764,1,1,0.28,0.75,0.1045,True,False,False,False,2
5601,1,1,0.64,0.83,0.0,False,False,True,False,266
15951,1,1,0.32,0.57,0.1045,True,False,False,False,687
13753,1,1,0.64,0.78,0.1343,False,False,True,False,185
11061,1,1,0.34,0.39,0.2836,False,True,False,False,12
14310,1,2,0.6999518072289157,0.48,0.1045,False,False,True,False,281
6141,0,1,0.52,0.68,0.2239,False,False,True,False,317
8048,1,1,0.44,1.0,0.194,True,False,False,False,33
11715,1,2,0.54,0.73,0.2985,False,True,False,False,641
15868,0,2,0.5,0.6582070707070706,0.4179,True,False,False,False,330
7949,1,1,0.4294206549118388,0.49,0.194,True,False,False,False,111
3292,0,1,0.52,0.94,0.1045,False,True,False,False,68
11953,1,1,0.44,0.77,0.1343,False,True,False,False,182
14205,1,1,0.6,0.83,0.1642,False,False,True,False,5
9507,1,1,0.22,0.75,0.0896,False,False,False,True,6
2335,1,2,0.54,0.68,0.20259243119266054,False,True,False,False,16
9888,1,1,0.32,0.7,0.1343,False,False,False,True,7
12390,1,2,0.56,0.56,0.194,False,True,False,False,227
11805,0,1,0.46,0.59,0.1343,False,True,False,False,56
4178,1,2,0.6999518072289157,0.78,0.1343,False,False,True,False,30
6483,0,3,0.36,0.87,0.1642,True,False,False,False,167
3924,1,1,0.7,0.58,0.194,False,True,False,False,170
11323,0,2,0.46,0.82,0.194,False,True,False,False,117
23,0,2,0.46,0.88,0.2985,False,False,False,True,39
1463,0,3,0.42,1.0,0.4478,False,False,False,True,5
10061,1,2,0.26,0.81,0.1343,False,False,False,True,253
8267,1,1,0.46,0.82,0.1343,True,False,False,False,5
3207,1,2,0.56,0.83,0.3284,False,True,False,False,122
7847,1,1,0.58,0.6,0.1642,True,False,False,False,150
2311,1,1,0.46,0.94,0.194,False,True,False,False,13
3276,0,1,0.62,0.61,0.1045,False,True,False,False,323
1818,1,2,0.44,0.77,0.2537,False,True,False,False,81
16678,0,3,0.4,0.76,0.194,True,False,False,False,303
1865,1,2,0.34,0.87,0.2239,False,True,False,False,87
133,1,1,0.22,0.55,0.0896,False,False,False,True,112
9918,1,1,0.36,0.81,0.2239,False,False,False,True,326
2818,1,2,0.48,0.77,0.2239,False,True,False,False,371
2297,0,1,0.5,0.72,0.194,False,True,False,False,281
607,1,3,0.18,0.93,0.1045,False,False,False,True,31
8994,0,1,0.22,0.27,0.194,False,False,False,True,206
12636,1,1,0.74,0.37,0.2836,False,True,False,False,823
14329,0,2,0.64,0.78,0.1642,False,False,True,False,30
2524,1,1,0.42,0.94,0.1642,False,True,False,False,2
8734,1,2,0.2,0.37,0.22123350253807106,False,False,False,True,289
16243,1,1,0.36,0.43,0.2537,True,False,False,False,214
15510,0,1,0.42,0.35,0.1343,True,False,False,False,527
10290,1,1,0.38,0.32,0.3582,False,False,False,True,159
10427,1,2,0.72,0.3,0.1045,False,False,False,True,258
13324,0,1,0.66,0.74,0.16999230769230772,False,False,True,False,282
5677,1,1,0.56,0.73,0.1343,False,False,True,False,27
9075,1,1,0.14,0.5,0.1642,False,False,False,True,5
14023,0,1,0.74,0.42,0.16999230769230772,False,False,True,False,505
14792,1,1,0.7,0.42,0.0,False,False,True,False,283
13652,0,1,0.72,0.7,0.0896,False,False,True,False,80
11425,1,2,0.48,0.63,0.2537,False,True,False,False,127
7266,1,2,0.42,0.71,0.4627,True,False,False,False,254
1999,1,1,0.2,0.44,0.1642,False,True,False,False,2
14338,0,2,0.64,0.73,0.3284,False,False,True,False,233
9811,0,1,0.46,0.38,0.2985,False,False,False,True,246
9368,1,1,0.28,0.52,0.1642,False,False,False,True,104
7175,1,2,0.44,0.47,0.2239,True,False,False,False,141
3358,1,1,0.66,0.74,0.0896,False,True,False,False,280
9998,0,1,0.36,0.29,0.0,False,False,False,True,353
279,1,1,0.14,0.5,0.3582,False,False,False,True,2
3036,1,1,0.54,0.68,0.0896,False,True,False,False,154
11031,1,1,0.52,0.34,0.3582,False,True,False,False,421
12404,1,1,0.52,0.68,0.0,False,True,False,False,27
9680,1,1,0.1,0.54,0.194,False,False,False,True,195
7850,1,1,0.56,0.64,0.2239,True,False,False,False,416
15278,1,1,0.7,0.65,0.0,True,False,False,False,593
14432,1,1,0.6999518072289157,0.42,0.0,False,False,True,False,300
10861,1,1,0.5,0.29,0.2836,False,True,False,False,729
8071,1,1,0.24,0.93,0.3881,True,False,False,False,16
11329,0,2,0.44,0.72,0.3284,False,True,False,False,12
2091,0,2,0.3,0.61,0.0,False,True,False,False,32
2937,0,1,0.48,0.59,0.0,False,True,False,False,40
143,1,2,0.2,0.69,0.0,False,False,False,True,34
13015,0,1,0.9,0.37,0.2239,False,False,True,False,433
8136,0,1,0.32,0.31,0.3881,True,False,False,False,241
15082,1,1,0.66,0.36,0.3284,True,False,False,False,303
8716,1,1,0.08,0.42,0.3284,False,False,False,True,9
14208,1,2,0.6,0.83,0.0,False,False,True,False,37
9264,1,1,0.38,0.82,0.1045,False,False,False,True,142
13950,1,1,0.84,0.44,0.0,False,False,True,False,260
16095,1,1,0.32,0.31,0.3582,True,False,False,False,275
11223,1,1,0.6,0.23,0.2836,False,True,False,False,402
14282,1,2,0.62,0.83,0.0896,False,False,True,False,481
17107,1,2,0.36,0.53,0.194,True,False,False,False,214
3004,1,1,0.44,0.58,0.1343,False,True,False,False,5
9409,1,1,0.46,0.63,0.0896,False,False,False,True,97
4098,1,1,0.8,0.33,0.4179,False,False,True,False,327
12915,1,1,0.6999518072289157,0.43,0.3284,False,False,True,False,687
2330,1,2,0.62,0.5,0.1045,False,True,False,False,24
5491,0,1,0.72,0.79,0.1343,False,False,True,False,270
16964,1,1,0.4,0.47,0.1642,True,False,False,False,309
2349,1,2,0.42,0.82,0.2836,False,True,False,False,130
1563,1,3,0.44,0.0,0.2985,False,False,False,True,12
12541,1,2,0.8,0.43,0.2985,False,True,False,False,831
2842,1,2,0.56,0.6218409090909092,0.2836,False,True,False,False,459
1942,0,1,0.32,0.24,0.2239,False,True,False,False,203
6199,1,1,0.56,0.94,0.0,False,False,True,False,206
14247,1,1,0.64,0.73,0.0,False,False,True,False,358
628,0,2,0.18,0.64,0.1343,False,False,False,True,64
894,1,2,0.18,0.47,0.2985,False,False,False,True,170
6817,0,1,0.62,0.35,0.3881,True,False,False,False,412
16751,1,1,0.42,0.35,0.4478,True,False,False,False,609
14065,1,3,0.64,0.6385647058823529,0.194,False,False,True,False,64
538,1,2,0.14,0.46,0.2239,False,False,False,True,45
12784,1,1,0.82,0.52,0.194,False,False,True,False,311
10840,0,1,0.52,0.55,0.2239,False,True,False,False,346
4662,1,1,0.64,0.78,0.1642,False,False,True,False,4
12622,1,1,0.56,0.83,0.1642,False,True,False,False,5
6613,0,1,0.44,0.88,0.0,True,False,False,False,20
15552,1,2,0.4294206549118388,0.73,0.2836,True,False,False,False,40
11038,1,1,0.36,0.71,0.1343,False,True,False,False,2
5538,1,1,0.6999518072289157,0.32,0.1343,False,False,True,False,444
11733,1,3,0.56,0.88,0.4478,False,True,False,False,1
15273,1,2,0.72,0.6582070707070706,0.1642,True,False,False,False,251
5049,1,2,0.74,0.51,0.2239,False,False,True,False,271
16890,1,2,0.38,0.5,0.2239,True,False,False,False,254
2496,1,1,0.52,0.55,0.2836,False,True,False,False,90
11105,1,1,0.42,0.35,0.194,False,True,False,False,158
11774,1,1,0.54,0.37,0.20259243119266054,False,True,False,False,553
9529,1,1,0.3,0.7,0.194,False,False,False,True,23
5567,1,1,0.7,0.61,0.3582,False,False,True,False,236
1674,1,2,0.3,0.7,0.0,False,False,False,True,157
11727,1,2,0.64,0.69,0.2836,False,True,False,False,302
10314,0,1,0.32,0.33,0.1343,False,False,False,True,121
11295,1,1,0.533015873015873,0.56,0.1642,False,True,False,False,341
15070,1,1,0.42,0.71,0.0896,True,False,False,False,5
10693,1,1,0.48,0.25,0.6418,False,True,False,False,305
15718,1,1,0.4,0.62,0.0,True,False,False,False,6
8700,1,1,0.16,0.55,0.2836,False,False,False,True,354
2382,1,1,0.533015873015873,0.76,0.0,False,True,False,False,9
5475,0,1,0.68,0.79,0.16999230769230772,False,False,True,False,86
1185,1,1,0.16,0.5804627249357327,0.0,False,False,False,True,44
6008,1,1,0.62,0.83,0.1642,False,False,True,False,150
3129,0,2,0.52,1.0,0.1343,False,True,False,False,42
10024,1,1,0.54,0.24,0.22123350253807106,False,False,False,True,529
281,1,1,0.14,0.5,0.2537,False,False,False,True,4
9663,0,1,0.16,0.4,0.5224,False,False,False,True,111
10481,0,1,0.56,0.64,0.194,False,False,False,True,271
5370,1,1,0.8,0.41,0.2239,False,False,True,False,303
8873,1,1,0.42,0.38,0.2985,False,False,False,True,106
14037,1,1,0.64,0.69,0.1045,False,False,True,False,9
15309,1,1,0.54,0.73,0.0896,True,False,False,False,11
2494,1,1,0.6,0.33,0.2985,False,True,False,False,165
6131,0,1,0.46,0.77,0.2239,False,False,True,False,79
14260,1,1,0.68,0.65,0.0,False,False,True,False,376
16974,0,2,0.26,0.81,0.0896,True,False,False,False,95
2777,0,1,0.56,0.37,0.1343,False,True,False,False,499
10860,1,1,0.533015873015873,0.34,0.3284,False,True,False,False,395
313,1,1,0.22,0.37,0.3881,False,False,False,True,77
5886,1,3,0.6999518072289157,0.89,0.0,False,False,True,False,237
6918,1,1,0.4294206549118388,0.51,0.2985,True,False,False,False,165
7290,0,1,0.3,0.56,0.2985,True,False,False,False,141
6164,1,2,0.56,0.64,0.1343,False,False,True,False,105
12725,1,1,0.64,0.73,0.0896,False,True,False,False,180
1600,0,1,0.28793893129771,0.65,0.2537,False,False,False,True,1
16082,1,2,0.3,0.56,0.2985,True,False,False,False,319
10625,1,1,0.66,0.47,0.1343,False,True,False,False,445
5846,1,3,0.54,0.94,0.16999230769230772,False,False,True,False,2
12943,1,1,0.84,0.26,0.2836,False,False,True,False,276
14994,1,1,0.6,0.73,0.3284,False,False,True,False,186
13944,1,2,0.66,0.94,0.0,False,False,True,False,41
8929,1,1,0.38,0.76,0.2985,False,False,False,True,133
7860,1,2,0.52,0.83,0.3284,True,False,False,False,6
849,1,2,0.32,0.7,0.1045,False,False,False,True,88
8386,1,2,0.36,0.71,0.0,False,False,False,True,4
16069,1,2,0.26,0.56,0.2836,True,False,False,False,118
12619,1,1,0.6,0.73,0.1642,False,True,False,False,94
8966,0,1,0.28793893129771,0.4,0.194,False,False,False,True,178
12642,1,1,0.62,0.53,0.2537,False,True,False,False,222
15891,1,2,0.3,0.81,0.194,True,False,False,False,81
8057,1,3,0.44,1.0,0.2537,True,False,False,False,64
793,0,3,0.22,1.0,0.1642,False,False,False,True,52
14747,1,1,0.7,0.28,0.1343,False,False,True,False,536
4446,0,1,0.64,0.83,0.2239,False,False,True,False,6
14605,1,1,0.76,0.6385647058823529,0.194,False,False,True,False,839
6693,1,2,0.4294206549118388,0.73,0.1642,True,False,False,False,123
15204,0,1,0.62,0.35,0.2836,True,False,False,False,575
16106,1,1,0.38,0.29,0.4627,True,False,False,False,245
17080,1,1,0.4,0.54,0.2239,True,False,False,False,200
7644,0,2,0.4,0.66,0.2836,True,False,False,False,37
12158,0,2,0.74,0.66,0.2239,False,True,False,False,373
16620,1,1,0.22,0.8,0.0,True,False,False,False,352
2217,1,1,0.32,0.81,0.2537,False,True,False,False,64
2176,1,2,0.36,0.63,0.4179,False,True,False,False,56
8858,1,2,0.2,0.92,0.1045,False,False,False,True,62
2154,1,1,0.76,0.23,0.5522,False,True,False,False,143
12479,0,1,0.62,0.57,0.0,False,True,False,False,8
9113,1,2,0.22,0.35,0.194,False,False,False,True,156
15118,1,1,0.6,0.78,0.0,True,False,False,False,7
8907,1,3,0.28793893129771,0.93,0.194,False,False,False,True,3
3578,1,1,0.62,0.38,0.2836,False,True,False,False,68
5048,1,3,0.72,0.66,0.4925,False,False,True,False,110
4751,1,1,0.82,0.75,0.2239,False,False,True,False,225
795,0,3,0.22,1.0,0.0,False,False,False,True,55
13303,1,2,0.76,0.4,0.1045,False,False,True,False,379
16533,1,1,0.42,0.35,0.0896,True,False,False,False,230
1590,1,1,0.32,0.49,0.3284,False,False,False,True,153
3857,1,1,0.64,0.47,0.1642,False,True,False,False,178
5787,0,2,0.72,0.66,0.1642,False,False,True,False,380
13581,1,1,0.68,0.61,0.2239,False,False,True,False,12
2079,1,1,0.533015873015873,0.53,0.3582,False,True,False,False,95
13561,1,1,0.6999518072289157,0.83,0.1343,False,False,True,False,190
3281,0,1,0.72,0.45,0.2537,False,True,False,False,506
15131,1,2,0.72,0.58,0.3284,True,False,False,False,472
7624,0,1,0.24,0.6,0.2537,True,False,False,False,41
6387,1,1,0.7,0.7,0.2239,True,False,False,False,591
10773,1,1,0.4,0.6218409090909092,0.2985,False,True,False,False,59
16654,0,2,0.4294206549118388,0.76,0.1045,True,False,False,False,320
7447,0,1,0.32,0.39,0.194,True,False,False,False,91
13594,1,1,0.78,0.31,0.0896,False,False,True,False,317
4262,1,1,0.8,0.26,0.0,False,False,True,False,263
15595,1,1,0.38,0.76,0.0,True,False,False,False,49
4089,1,2,0.66,0.83,0.2239,False,False,True,False,268
696,1,2,0.16,0.93,0.0,False,False,False,True,116
9933,1,1,0.44,0.54,0.2537,False,False,False,True,137
2361,1,3,0.36,1.0,0.2239,False,True,False,False,70
6744,1,1,0.66,0.78,0.194,True,False,False,False,133
9030,1,3,0.32,0.66,0.3284,False,False,False,True,2
9236,1,1,0.32,0.66,0.1343,False,False,False,True,439
1286,0,1,0.28793893129771,0.46,0.194,False,False,False,True,137
5974,0,1,0.7,0.65,0.0,False,False,True,False,402
4596,1,2,0.66,0.61,0.16999230769230772,False,False,True,False,166
16859,1,2,0.38,0.6582070707070706,0.1642,True,False,False,False,123
4943,1,1,0.82,0.46,0.1642,False,False,True,False,163
3027,1,2,0.5,0.59,0.1045,False,True,False,False,20
14132,1,1,0.66,0.65,0.1045,False,False,True,False,54
1167,0,2,0.32,0.5804627249357327,0.2537,False,False,False,True,81
99,1,1,0.2,0.4,0.2985,False,False,False,True,195
10318,0,1,0.26,0.44,0.0896,False,False,False,True,69
9396,1,1,0.4,0.62,0.1343,False,False,False,True,133
4268,1,1,0.8,0.24,0.2537,False,False,True,False,422
3428,1,2,0.72,0.62,0.2985,False,True,False,False,399
359,0,1,0.24,0.44,0.2537,False,False,False,True,93
15977,0,1,0.36,0.46,0.3881,True,False,False,False,328
5017,1,1,0.68,0.74,0.194,False,False,True,False,96
10351,1,1,0.4,0.5,0.2239,False,False,False,True,137
16446,1,1,0.28,0.65,0.0,True,False,False,False,32
5161,0,1,0.7,0.79,0.1045,False,False,True,False,55
14968,1,1,0.56,0.64,0.194,False,False,True,False,274
4721,1,1,0.86,0.5,0.1642,False,False,True,False,138
6147,0,2,0.56,0.64,0.194,False,False,True,False,325
14558,0,1,0.72,0.74,0.194,False,False,True,False,374
3471,0,1,0.72,0.7,0.2836,False,True,False,False,418
10848,1,1,0.4,0.76,0.4925,False,True,False,False,4
15205,0,1,0.52,0.59,0.4478,True,False,False,False,401
15825,1,2,0.6,0.6582070707070706,0.1343,True,False,False,False,351
4440,1,2,0.66,0.78,0.194,False,False,True,False,169
13370,1,1,0.72,0.7,0.0896,False,False,True,False,483
12719,1,2,0.6,0.78,0.1343,False,True,False,False,10
11421,1,2,0.48,0.55,0.1045,False,True,False,False,13
2159,1,2,0.7,0.24,0.5522,False,True,False,False,173
8730,1,2,0.14,0.46,0.2537,False,False,False,True,75
4483,0,1,0.84,0.36,0.2239,False,False,True,False,363
5470,0,1,0.74,0.6385647058823529,0.2239,False,False,True,False,248
8861,1,2,0.22,0.93,0.1045,False,False,False,True,5
2375,1,1,0.42,0.67,0.1642,False,True,False,False,117
16190,0,1,0.42,0.82,0.1642,True,False,False,False,540
17291,1,2,0.24,0.6,0.1343,False,False,False,True,239
3547,1,1,0.86,0.47,0.20259243119266054,False,True,False,False,486
222,1,2,0.2,0.4,0.2836,False,False,False,True,54
9651,0,2,0.1,0.58,0.5821,False,False,False,True,27
4017,1,2,0.6,0.94,0.0,False,False,True,False,309
9188,1,2,0.24,0.5804627249357327,0.1343,False,False,False,True,282
15551,1,2,0.56,0.68,0.2239,True,False,False,False,10
1139,0,1,0.2,0.47,0.2985,False,False,False,True,2
5944,0,1,0.58,0.94,0.16999230769230772,False,False,True,False,8
7212,1,1,0.3,0.75,0.0,True,False,False,False,2
14906,1,2,0.64,0.89,0.4478,False,False,True,False,356
2206,1,1,0.5,0.31,0.2985,False,True,False,False,232
13025,0,1,0.82,0.43,0.1343,False,False,True,False,151
16437,0,1,0.4294206549118388,0.29,0.0,True,False,False,False,228
13292,1,2,0.68,0.54,0.1045,False,False,True,False,59
15774,1,1,0.58,0.64,0.0,True,False,False,False,236
5452,0,1,0.62,0.78,0.0,False,False,True,False,69
13069,1,2,0.86,0.3,0.0,False,False,True,False,627
15475,1,1,0.4,0.66,0.1045,True,False,False,False,68
4817,0,1,0.9,0.42,0.2537,False,False,True,False,238
13984,1,1,0.74,0.66,0.2537,False,False,True,False,286
16701,1,1,0.6,0.53,0.1343,True,False,False,False,442
15076,1,1,0.54,0.56,0.2537,True,False,False,False,409
12962,1,1,0.7,0.61,0.1045,False,False,True,False,380
1086,1,1,0.44,0.72,0.2836,False,False,False,True,32
11208,1,1,0.6,0.53,0.2537,False,True,False,False,30
9455,1,1,0.34,0.49,0.1045,False,False,False,True,134
3740,1,1,0.88,0.39,0.2836,False,True,False,False,466
11378,1,1,0.32,0.66,0.2836,False,True,False,False,390
14553,0,1,0.74,0.7,0.2985,False,False,True,False,512
13353,0,1,0.9,0.37,0.2537,False,False,True,False,476
4764,1,1,0.9,0.53,0.0896,False,False,True,False,115
12432,1,1,0.48,0.82,0.0896,False,True,False,False,34
6259,1,3,0.62,1.0,0.1343,True,False,False,False,111
3501,0,2,0.52,0.6218409090909092,0.1045,False,True,False,False,225
15960,1,1,0.38,0.4,0.3284,True,False,False,False,638
7897,1,2,0.34,0.49,0.3284,True,False,False,False,380
2770,0,1,0.4,0.54,0.2985,False,True,False,False,91
7714,1,2,0.48,0.94,0.2985,True,False,False,False,8
2117,0,1,0.26,0.7,0.1343,False,True,False,False,24
6317,0,1,0.64,0.83,0.1343,True,False,False,False,329
8615,1,1,0.36,0.62,0.1343,False,False,False,True,182
14131,1,1,0.68,0.57,0.1642,False,False,True,False,88
3498,0,1,0.88,0.37,0.2836,False,True,False,False,309
6491,1,1,0.36,0.81,0.0896,True,False,False,False,6
15486,1,1,0.54,0.37,0.3582,True,False,False,False,313
2446,0,3,0.44,0.94,0.2239,False,True,False,False,53
13704,1,1,0.66,0.83,0.1045,False,False,True,False,47
2605,0,2,0.46,0.88,0.2239,False,True,False,False,232
10834,0,2,0.44,0.62,0.194,False,True,False,False,464
6770,1,1,0.4294206549118388,0.43,0.2239,True,False,False,False,344
16304,0,1,0.26,0.65,0.194,True,False,False,False,49
13343,0,2,0.68,0.89,0.1045,False,False,True,False,19
13826,0,1,0.72,0.77,0.1642,False,False,True,False,67
3239,1,1,0.54,0.77,0.2836,False,True,False,False,209
15916,1,2,0.4294206549118388,0.5,0.194,True,False,False,False,192
3679,1,1,0.58,0.88,0.1642,False,True,False,False,32
1373,1,1,0.4,0.43,0.22123350253807106,False,False,False,True,82
17271,1,1,0.3,0.49,0.4627,False,False,False,True,109
3590,1,1,0.66,0.27,0.2836,False,True,False,False,259
9666,0,1,0.18,0.37,0.4179,False,False,False,True,87
10096,1,1,0.54,0.34,0.3582,False,False,False,True,525
17201,1,3,0.24,0.81,0.1045,False,False,False,True,70
4865,1,1,0.88,0.28,0.3284,False,False,True,False,163
12369,1,1,0.62,0.41,0.4925,False,True,False,False,270
4188,1,1,0.8,0.49,0.1642,False,False,True,False,157
12469,1,1,0.76,0.27,0.2239,False,True,False,False,723
14194,0,2,0.64,0.65,0.0,False,False,True,False,276
13101,1,1,0.6999518072289157,0.51,0.0,False,False,True,False,18
5506,1,1,0.66,0.61,0.3284,False,False,True,False,351
2802,0,2,0.5,0.72,0.194,False,True,False,False,214
3814,0,1,0.66,0.83,0.1642,False,True,False,False,206
12437,1,1,0.533015873015873,0.64,0.0896,False,True,False,False,210
12161,0,1,0.7,0.74,0.2537,False,True,False,False,204
9198,1,2,0.3,1.0,0.0896,False,False,False,True,2
1142,0,1,0.22,0.47,0.2836,False,False,False,True,55
14933,1,1,0.56,0.52,0.194,False,False,True,False,192
7867,1,3,0.5,0.88,0.2985,True,False,False,False,11
1201,1,1,0.12,0.5,0.1343,False,False,False,True,1
1509,1,1,0.2,0.59,0.0,False,False,False,True,45
13632,1,1,0.7,0.84,0.0,False,False,True,False,37
3635,0,2,0.6,0.78,0.194,False,True,False,False,164
17154,0,1,0.32,0.5804627249357327,0.4478,False,False,False,True,158
13113,1,1,0.92,0.33,0.3284,False,False,True,False,241
9152,0,2,0.16,0.74,0.2239,False,False,False,True,4
11514,0,1,0.48,0.59,0.0,False,True,False,False,82
2620,0,1,0.5,0.88,0.194,False,True,False,False,72
16727,1,1,0.5,0.63,0.2239,True,False,False,False,731
4456,0,1,0.84,0.36,0.1343,False,False,True,False,373
14960,1,1,0.64,0.44,0.1343,False,False,True,False,336
14947,1,1,0.5,0.63,0.0,False,False,True,False,58
8816,0,1,0.32,0.49,0.2537,False,False,False,True,6
749,1,1,0.22,0.37,0.3284,False,False,False,True,60
14006,0,2,0.66,0.89,0.1045,False,False,True,False,275
4606,1,1,0.7,0.51,0.2239,False,False,True,False,343
7101,1,2,0.38,0.4,0.1642,True,False,False,False,213
8783,1,1,0.46,0.33,0.2836,False,False,False,True,272
4426,1,2,0.72,0.74,0.2537,False,False,True,False,457
11785,1,1,0.42,0.5,0.2537,False,True,False,False,135
1767,0,1,0.42,0.47,0.4925,False,False,False,True,48
6899,1,1,0.56,0.88,0.4478,True,False,False,False,4
13274,1,1,0.64,0.73,0.1343,False,False,True,False,512
10729,1,1,0.36,0.43,0.2985,False,True,False,False,1
16516,0,1,0.24,0.6,0.0,True,False,False,False,62
15021,0,1,0.52,0.48,0.2537,True,False,False,False,95
12985,0,1,0.64,0.89,0.1642,False,False,True,False,42
13726,1,1,0.66,0.83,0.0896,False,False,True,False,6
12899,1,1,0.72,0.26,0.4925,False,False,True,False,416
1448,0,2,0.46,0.63,0.2985,False,False,False,True,205
3360,1,3,0.62,0.6218409090909092,0.2239,False,True,False,False,141
13588,1,1,0.72,0.37,0.2985,False,False,True,False,342
16657,0,1,0.4294206549118388,0.81,0.0,True,False,False,False,198
10850,1,1,0.36,0.71,0.4627,False,True,False,False,110
47,1,1,0.22,0.44,0.3582,False,False,False,True,5
8028,1,3,0.46,0.88,0.2239,True,False,False,False,7
466,1,1,0.22,0.41,0.4627,False,False,False,True,59
509,0,1,0.06,0.62,0.1642,False,False,False,True,19
4305,0,2,0.64,0.89,0.194,False,False,True,False,25
1343,1,1,0.2,0.59,0.22123350253807106,False,False,False,True,46
11936,1,1,0.62,0.41,0.194,False,True,False,False,327
8443,1,1,0.4,0.58,0.4478,False,False,False,True,174
176,0,1,0.2,0.32,0.4478,False,False,False,True,74
13096,0,1,0.84,0.6385647058823529,0.1343,False,False,True,False,584
11997,0,1,0.56,0.6218409090909092,0.0,False,True,False,False,98
9410,1,1,0.46,0.59,0.1343,False,False,False,True,31
75,1,1,0.12,0.74,0.1343,False,False,False,True,94
7533,1,2,0.54,0.68,0.0,True,False,False,False,176
2592,1,3,0.3,1.0,0.1343,False,True,False,False,24
3755,1,1,0.76,0.55,0.0,False,True,False,False,213
17182,0,1,0.32,0.49,0.194,False,False,False,True,114
13720,1,1,0.72,0.7,0.16999230769230772,False,False,True,False,322
6689,1,2,0.52,0.88,0.0896,True,False,False,False,352
16613,1,1,0.26,0.7,0.1642,True,False,False,False,52
12379,1,1,0.54,0.68,0.4179,False,True,False,False,34
10581,1,1,0.52,0.83,0.0896,False,True,False,False,41
14002,0,1,0.8,0.46,0.2836,False,False,True,False,562
2974,0,1,0.52,0.77,0.1343,False,True,False,False,174
8202,1,1,0.3,0.6582070707070706,0.1642,True,False,False,False,102
8486,0,1,0.22,0.8,0.1045,False,False,False,True,4
3102,0,2,0.5,0.82,0.1642,False,True,False,False,5
9001,0,1,0.18,0.37,0.0896,False,False,False,True,60
8859,1,2,0.22,0.87,0.22123350253807106,False,False,False,True,52
10130,0,2,0.36,0.93,0.194,False,False,False,True,2
12485,0,1,0.7,0.51,0.1045,False,True,False,False,466
15505,0,1,0.3,0.61,0.194,True,False,False,False,28
12413,1,1,0.6,0.46,0.0896,False,True,False,False,203
3113,0,2,0.54,0.94,0.1642,False,True,False,False,294
11971,0,1,0.52,0.48,0.1045,False,True,False,False,148
16785,1,1,0.26,0.75,0.1045,True,False,False,False,10
12667,0,1,0.56,0.56,0.1343,False,True,False,False,148
1857,1,2,0.34,0.6218409090909092,0.2537,False,True,False,False,3
11333,0,3,0.38,0.82,0.3284,False,True,False,False,68
12082,1,2,0.7,0.61,0.0,False,True,False,False,257
7803,0,2,0.42,0.62,0.1642,True,False,False,False,185
8273,1,1,0.36,0.46,0.3881,True,False,False,False,243
6673,0,2,0.72,0.42,0.1720665036674817,True,False,False,False,384
16167,0,1,0.36,0.77,0.0,True,False,False,False,273
1313,0,2,0.38,0.62,0.1045,False,False,False,True,69
2066,1,3,0.26,1.0,0.1642,False,True,False,False,27
16324,0,2,0.32,0.57,0.1045,True,False,False,False,145
1272,0,2,0.22,0.6,0.0896,False,False,False,True,2
13030,1,2,0.72,0.54,0.4179,False,False,True,False,5
3413,1,1,0.66,0.65,0.20259243119266054,False,True,False,False,12
684,1,3,0.16,0.59,0.1642,False,False,False,True,78
8261,1,1,0.5,0.63,0.2985,True,False,False,False,155
15693,0,1,0.4,0.62,0.1642,True,False,False,False,132
11579,1,1,0.64,0.65,0.1642,False,True,False,False,367
3258,1,2,0.6,0.53,0.1642,False,True,False,False,330
15989,0,1,0.32,0.57,0.1045,True,False,False,False,146
5287,0,1,0.6999518072289157,0.73,0.1045,False,False,True,False,18
16430,0,1,0.24,0.75,0.1343,True,False,False,False,97
959,0,1,0.28793893129771,0.31,0.2836,False,False,False,True,120
13590,1,1,0.76,0.6385647058823529,0.0,False,False,True,False,281
10616,1,2,0.62,0.73,0.1045,False,True,False,False,318
3592,1,1,0.7,0.28,0.2836,False,True,False,False,240
5991,1,1,0.56,0.83,0.0,False,False,True,False,24
15457,1,1,0.36,0.5,0.1642,True,False,False,False,159
9994,0,1,0.28,0.41,0.2836,False,False,False,True,227
12106,1,1,0.74,0.55,0.2537,False,True,False,False,291
6600,1,1,0.62,0.5,0.0,True,False,False,False,256
15779,1,1,0.74,0.33,0.1343,True,False,False,False,532
11618,1,1,0.56,0.88,0.0,False,True,False,False,356
16559,1,2,0.3,0.75,0.3881,True,False,False,False,527
10620,1,2,0.72,0.42,0.1343,False,True,False,False,472
13989,0,3,0.6999518072289157,0.78,0.194,False,False,True,False,85
2505,1,2,0.52,0.55,0.0,False,True,False,False,188
13668,0,1,0.82,0.46,0.194,False,False,True,False,479
11928,1,1,0.56,0.68,0.3284,False,True,False,False,35
4754,1,1,0.82,0.63,0.1343,False,False,True,False,60
7251,1,1,0.46,0.63,0.1343,True,False,False,False,433
17333,0,2,0.26,0.56,0.2836,False,False,False,True,19
15300,1,1,0.7,0.51,0.2239,True,False,False,False,901
6913,1,2,0.48,0.51,0.4478,True,False,False,False,234
16495,0,1,0.4294206549118388,0.44,0.194,True,False,False,False,36
17048,1,1,0.42,0.88,0.194,True,False,False,False,5
4220,1,1,0.8,0.29,0.2985,False,False,True,False,588
2456,0,1,0.36,0.66,0.4478,False,True,False,False,8
688,1,2,0.16,0.64,0.1045,False,False,False,True,8
2516,1,2,0.533015873015873,0.64,0.1343,False,True,False,False,421
10738,1,1,0.56,0.43,0.3284,False,True,False,False,273
8225,1,2,0.4294206549118388,0.61,0.1720665036674817,True,False,False,False,239
2302,0,1,0.5,0.77,0.194,False,True,False,False,131
13592,1,1,0.78,0.31,0.1642,False,False,True,False,312
4930,1,2,0.76,0.77,0.0,False,False,True,False,384
15546,0,2,0.56,0.68,0.2836,True,False,False,False,105
13121,1,1,0.82,0.59,0.1343,False,False,True,False,225
8413,1,1,0.38,0.82,0.0,False,False,False,True,16
5673,1,1,0.64,0.53,0.1642,False,False,True,False,277
13872,1,1,0.7,0.79,0.194,False,False,True,False,25
15917,1,1,0.36,0.57,0.1343,True,False,False,False,165
163,0,2,0.18,0.5804627249357327,0.0,False,False,False,True,16
11596,1,2,0.48,0.88,0.1045,False,True,False,False,304
14929,1,1,0.52,0.63,0.2537,False,False,True,False,172
8705,1,1,0.18,0.34,0.6567,False,False,False,True,73
10746,1,1,0.58,0.6,0.2537,False,True,False,False,261
2812,1,2,0.44,0.77,0.2239,False,True,False,False,35
5047,1,2,0.76,0.55,0.0896,False,False,True,False,24
15111,1,1,0.66,0.69,0.194,True,False,False,False,434
12925,1,1,0.8,0.27,0.3284,False,False,True,False,804
5635,0,3,0.64,0.89,0.8358,False,False,True,False,16
6873,1,2,0.52,0.77,0.194,True,False,False,False,70
931,1,1,0.14,0.69,0.194,False,False,False,True,44
9217,1,1,0.32,0.76,0.0,False,False,False,True,99
13203,1,2,0.66,0.83,0.1642,False,False,True,False,455
515,0,1,0.16,0.28,0.3582,False,False,False,True,110
3294,0,1,0.5,1.0,0.0,False,True,False,False,12
10987,0,1,0.46,0.23,0.2239,False,True,False,False,118
3056,1,1,0.44,0.88,0.0,False,True,False,False,112
13883,1,1,0.84,0.41,0.16999230769230772,False,False,True,False,451
1135,0,1,0.24,0.41,0.4627,False,False,False,True,16
6777,1,1,0.46,0.59,0.1642,True,False,False,False,95
14576,1,1,0.8,0.55,0.4478,False,False,True,False,275
9513,1,1,0.16,0.86,0.1343,False,False,False,True,444
6618,0,1,0.46,0.6582070707070706,0.0,True,False,False,False,103
7640,0,1,0.38,0.62,0.2239,True,False,False,False,93
9467,0,1,0.24,0.81,0.1343,False,False,False,True,157
13403,1,1,0.92,0.29,0.1642,False,False,True,False,381
12947,1,1,0.88,0.23,0.194,False,False,True,False,387
8596,1,1,0.3,0.65,0.1642,False,False,False,True,45
2916,1,2,0.54,0.49,0.3284,False,True,False,False,127
14940,1,1,0.6,0.38,0.2239,False,False,True,False,886
16501,0,2,0.22,0.51,0.1045,True,False,False,False,21
4459,0,1,0.84,0.32,0.0,False,False,True,False,401
8600,1,1,0.24,0.7,0.1045,False,False,False,True,6
5090,1,1,0.66,0.74,0.1045,False,False,True,False,54
2565,1,1,0.46,0.6218409090909092,0.20259243119266054,False,True,False,False,324
6755,1,1,0.58,0.6582070707070706,0.1343,True,False,False,False,24
5861,1,2,0.6999518072289157,0.88,0.3881,False,False,True,False,291
7214,1,1,0.4294206549118388,0.81,0.0,True,False,False,False,27
1153,0,2,0.34,0.42,0.0,False,False,False,True,42
16929,1,2,0.26,0.56,0.194,True,False,False,False,8
12300,1,3,0.7,0.7,0.20259243119266054,False,True,False,False,227
8067,1,3,0.34,0.87,0.6418,True,False,False,False,33
14231,1,1,0.6999518072289157,0.88,0.0,False,False,True,False,4
16004,0,1,0.4,0.43,0.2239,True,False,False,False,493
1487,1,1,0.2,0.75,0.3881,False,False,False,True,211
7414,1,3,0.36,0.81,0.3582,True,False,False,False,96
16693,1,1,0.36,0.93,0.0,True,False,False,False,731
6025,1,1,0.74,0.6385647058823529,0.2985,False,False,True,False,180
8553,1,1,0.32,0.61,0.2537,False,False,False,True,4
2497,1,1,0.5,0.59,0.2537,False,True,False,False,46
12837,0,2,0.68,0.6385647058823529,0.0,False,False,True,False,114
5969,0,1,0.58,0.88,0.1045,False,False,True,False,20
10787,1,3,0.4,0.54,0.0,False,True,False,False,229
77,1,1,0.16,0.64,0.2239,False,False,False,True,100
12444,1,1,0.72,0.34,0.2537,False,True,False,False,869
8733,1,2,0.2,0.5804627249357327,0.194,False,False,False,True,281
9875,1,2,0.3,0.56,0.3881,False,False,False,True,163
7448,0,1,0.3,0.45,0.0896,True,False,False,False,73
3799,0,1,0.62,0.88,0.2239,False,True,False,False,10
10081,1,1,0.46,0.94,0.2239,False,False,False,True,3
8647,0,1,0.32,0.76,0.0,False,False,False,True,75
1165,0,2,0.32,0.57,0.2985,False,False,False,True,63
14172,0,1,0.76,0.37,0.2239,False,False,True,False,635
3227,1,2,0.54,0.88,0.0896,False,True,False,False,216
4137,0,1,0.62,0.61,0.0,False,False,True,False,51
9901,1,1,0.44,0.54,0.3284,False,False,False,True,177
10856,1,1,0.44,0.44,0.4478,False,True,False,False,281
14394,1,1,0.7,0.84,0.1642,False,False,True,False,114
15227,1,2,0.62,0.46,0.2537,True,False,False,False,459
11638,0,1,0.58,0.83,0.0,False,True,False,False,32
16035,1,1,0.4294206549118388,0.49,0.2537,True,False,False,False,241
14094,1,2,0.74,0.58,0.194,False,False,True,False,235
3605,0,1,0.52,0.59,0.1045,False,True,False,False,18
11454,1,1,0.44,0.38,0.3284,False,True,False,False,233
13554,1,1,0.6999518072289157,0.66,0.1642,False,False,True,False,114
4669,1,1,0.8,0.55,0.0896,False,False,True,False,141
11082,1,1,0.34,0.57,0.20259243119266054,False,True,False,False,61
14076,1,3,0.76,0.66,0.2537,False,False,True,False,812
1233,1,2,0.36,0.53,0.3582,False,False,False,True,95
6468,0,3,0.4294206549118388,0.87,0.2985,True,False,False,False,30
11498,0,2,0.34,0.6218409090909092,0.1343,False,True,False,False,27
14246,1,3,0.6999518072289157,0.73,0.1045,False,False,True,False,476
8349,1,1,0.34,0.49,0.3284,True,False,False,False,142
3785,0,1,0.82,0.49,0.1045,False,True,False,False,374
7280,1,1,0.32,0.49,0.3284,True,False,False,False,89
9568,1,3,0.3,0.61,0.1045,False,False,False,True,54
1736,1,1,0.42,0.58,0.2836,False,False,False,True,29
7745,0,1,0.3,0.65,0.0896,True,False,False,False,46
5927,1,1,0.6999518072289157,0.94,0.0,False,False,True,False,75
12836,0,2,0.68,0.54,0.0896,False,False,True,False,127
7335,1,2,0.28,0.93,0.0,True,False,False,False,99
13159,0,1,0.96,0.31,0.3582,False,False,True,False,342
5516,1,1,0.72,0.28,0.2985,False,False,True,False,609
834,1,1,0.2,0.86,0.0,False,False,False,True,10
9984,0,1,0.24,0.44,0.3284,False,False,False,True,55
14688,0,1,0.52,0.77,0.194,False,False,True,False,55
122,1,1,0.16,0.59,0.0,False,False,False,True,219
2307,1,1,0.48,0.88,0.3284,False,True,False,False,23
7722,1,2,0.52,0.94,0.194,True,False,False,False,167
11639,0,1,0.56,0.88,0.1045,False,True,False,False,9
9563,1,2,0.26,0.7,0.2239,False,False,False,True,108
6508,1,2,0.4,0.76,0.1642,True,False,False,False,412
14691,0,1,0.58,0.68,0.2239,False,False,True,False,170
17101,1,2,0.3,0.7,0.0,True,False,False,False,599
1907,1,1,0.18,0.74,0.2239,False,True,False,False,32
223,1,2,0.2,0.4,0.2239,False,False,False,True,47
2862,1,3,0.38,0.94,0.3284,False,True,False,False,3
17001,0,2,0.34,0.87,0.0,True,False,False,False,11
16573,1,2,0.26,0.56,0.194,True,False,False,False,409
1502,1,1,0.28,0.48,0.0,False,False,False,True,22
651,0,1,0.22,0.75,0.0,False,False,False,True,59
1127,0,1,0.42,0.19,0.6119,False,False,False,True,127
8988,0,1,0.12,0.54,0.194,False,False,False,True,90
15870,0,2,0.5,0.51,0.3881,True,False,False,False,462
3562,1,1,0.7,0.32,0.2985,False,True,False,False,467
4910,1,1,0.84,0.53,0.2537,False,False,True,False,186
4280,0,1,0.62,0.69,0.1045,False,False,True,False,32
4227,1,1,0.64,0.53,0.1343,False,False,True,False,32
783,0,2,0.24,0.75,0.1642,False,False,False,True,17
9534,1,1,0.32,0.49,0.0896,False,False,False,True,15
1204,1,1,0.12,0.5,0.1045,False,False,False,True,36
2831,1,2,0.6,0.73,0.1045,False,True,False,False,232
2317,1,2,0.6,0.73,0.20259243119266054,False,True,False,False,104
5676,1,1,0.6,0.6,0.0896,False,False,True,False,75
7965,0,1,0.36,0.5,0.0896,True,False,False,False,292
10939,1,1,0.4,0.5,0.20259243119266054,False,True,False,False,136
6172,1,2,0.56,0.68,0.1343,False,False,True,False,540
8324,0,1,0.26,0.6,0.2239,True,False,False,False,228
1689,1,3,0.3,0.93,0.2537,False,False,False,True,8
12450,1,1,0.56,0.52,0.1343,False,True,False,False,177
13360,0,1,0.72,0.79,0.0896,False,False,True,False,223
3077,1,2,0.5,0.88,0.1343,False,True,False,False,4
2902,1,1,0.5,0.34,0.1642,False,True,False,False,258
1524,1,1,0.3,0.49,0.194,False,False,False,True,75
873,1,1,0.28793893129771,0.4,0.3284,False,False,False,True,56
4849,1,1,0.7,0.84,0.0896,False,False,True,False,87
12727,1,1,0.7,0.65,0.0896,False,True,False,False,292
8684,0,1,0.26,0.35,0.4179,False,False,False,True,154
12714,1,3,0.6,0.6218409090909092,0.194,False,True,False,False,74
8236,1,2,0.34,0.66,0.1045,True,False,False,False,175
9227,1,1,0.24,0.7,0.2537,False,False,False,True,236
17010,0,2,0.38,0.76,0.194,True,False,False,False,356
10142,0,1,0.5,0.27,0.2985,False,False,False,True,467
17334,0,2,0.26,0.5804627249357327,0.4179,False,False,False,True,15
14053,1,1,0.76,0.52,0.2836,False,False,True,False,812
11264,1,1,0.56,0.46,0.0,False,True,False,False,238
13476,1,2,0.6999518072289157,0.89,0.4179,False,False,True,False,715
16568,1,2,0.26,0.75,0.2239,True,False,False,False,1
16676,0,1,0.44,0.67,0.1343,True,False,False,False,417
7192,1,1,0.4294206549118388,0.76,0.194,True,False,False,False,254
456,1,2,0.24,0.7,0.2537,False,False,False,True,6
2662,1,1,0.66,0.61,0.2836,False,True,False,False,237
225,1,1,0.2,0.4,0.1343,False,False,False,True,74
6174,1,2,0.56,0.68,0.1343,False,False,True,False,231
12223,1,1,0.8,0.55,0.3284,False,True,False,False,237
10491,0,2,0.4,0.94,0.1045,False,False,False,True,11
12489,0,1,0.82,0.23,0.194,False,True,False,False,593
13702,1,1,0.66,0.83,0.0,False,False,True,False,3
2415,0,1,0.54,0.52,0.20259243119266054,False,True,False,False,180
4405,1,1,0.82,0.52,0.1343,False,False,True,False,142
4632,0,1,0.7,0.65,0.16999230769230772,False,False,True,False,201
15537,0,1,0.66,0.39,0.4179,True,False,False,False,617
16832,0,2,0.4294206549118388,0.87,0.1045,True,False,False,False,48
7198,1,1,0.48,0.55,0.194,True,False,False,False,167
1016,1,1,0.3,0.5804627249357327,0.4179,False,False,False,True,19
158,1,1,0.18,0.47,0.1343,False,False,False,True,39
10621,1,2,0.72,0.42,0.1642,False,True,False,False,589
13445,1,1,0.76,0.58,0.194,False,False,True,False,198
1315,1,2,0.36,0.66,0.1045,False,False,False,True,30
11090,1,1,0.3,0.65,0.3284,False,True,False,False,306
3368,1,1,0.56,0.94,0.0896,False,True,False,False,117
15171,0,1,0.5,0.68,0.2836,True,False,False,False,211
6875,1,2,0.52,0.77,0.194,True,False,False,False,16
6662,0,1,0.46,0.94,0.0,True,False,False,False,6
9587,1,1,0.22,0.51,0.2239,False,False,False,True,97
8079,1,1,0.22,0.6,0.2239,True,False,False,False,244
13400,1,1,0.92,0.31,0.194,False,False,True,False,221
2244,1,2,0.36,0.76,0.194,False,True,False,False,185
5772,1,2,0.64,0.73,0.1642,False,False,True,False,98
15750,1,1,0.6,0.53,0.0,True,False,False,False,253
1361,1,1,0.22,0.69,0.1642,False,False,False,True,8
1137,0,1,0.22,0.44,0.5522,False,False,False,True,18
11088,1,1,0.3,0.61,0.2239,False,True,False,False,21
3636,0,2,0.533015873015873,0.73,0.0896,False,True,False,False,251
4761,1,2,0.8,0.66,0.1045,False,False,True,False,252
5951,0,1,0.6999518072289157,0.62,0.2239,False,False,True,False,404
11584,1,1,0.52,0.77,0.2239,False,True,False,False,239
17035,1,2,0.4,0.87,0.0896,True,False,False,False,181
13471,1,3,0.68,0.83,0.1642,False,False,True,False,274
10829,0,2,0.36,0.76,0.0896,False,True,False,False,125
10387,1,1,0.56,0.6,0.0896,False,False,False,True,170
15555,1,2,0.6,0.64,0.3881,True,False,False,False,737
17300,1,1,0.24,0.6,0.1343,False,False,False,True,271
12367,1,1,0.64,0.41,0.4478,False,True,False,False,282
12022,1,2,0.56,0.88,0.2985,False,True,False,False,2
988,0,1,0.4,0.35,0.3284,False,False,False,True,47
6175,1,2,0.56,0.68,0.1642,False,False,True,False,200
6556,1,1,0.6,0.6582070707070706,0.1642,True,False,False,False,593
5660,1,1,0.6,0.6,0.2239,False,False,True,False,284
948,0,1,0.12,0.8,0.0,False,False,False,True,10
10326,0,1,0.26,0.6,0.2239,False,False,False,True,90
6887,1,3,0.54,0.6582070707070706,0.1642,True,False,False,False,97
15094,1,2,0.58,0.64,0.2836,True,False,False,False,10
3709,1,1,0.84,0.41,0.194,False,True,False,False,134
2004,1,1,0.28,0.28,0.3881,False,True,False,False,172
17195,1,1,0.2,0.69,0.0,False,False,False,True,30
2003,1,1,0.24,0.35,0.3582,False,True,False,False,287
15420,1,2,0.52,0.68,0.1642,True,False,False,False,806
2868,1,2,0.34,0.93,0.2836,False,True,False,False,31
12696,1,3,0.52,0.83,0.1343,False,True,False,False,23
6583,1,1,0.46,0.88,0.0896,True,False,False,False,195
16783,1,2,0.26,0.7,0.1343,True,False,False,False,11
8153,0,1,0.2,0.59,0.0,True,False,False,False,107
11187,0,2,0.56,0.83,0.1642,False,True,False,False,597
2156,1,1,0.74,0.23,0.6119,False,True,False,False,366
1008,1,1,0.52,0.27,0.4627,False,False,False,True,118
1604,0,1,0.28793893129771,0.65,0.1642,False,False,False,True,53
1406,1,1,0.28793893129771,0.5804627249357327,0.1045,False,False,False,True,51
92,1,1,0.2,0.64,0.0,False,False,False,True,6
10683,1,1,0.42,0.82,0.194,False,True,False,False,117
4020,1,2,0.64,0.83,0.194,False,False,True,False,161
845,1,2,0.28793893129771,0.57,0.1343,False,False,False,True,114
15889,1,3,0.3,0.87,0.1343,True,False,False,False,143
5232,1,1,0.74,0.37,0.0,False,False,True,False,139
11113,1,1,0.32,0.57,0.20259243119266054,False,True,False,False,84
14039,1,1,0.64,0.69,0.1045,False,False,True,False,11
15465,1,1,0.52,0.32,0.0896,True,False,False,False,348
8946,1,1,0.26,0.33,0.5821,False,False,False,True,138
15594,1,1,0.4,0.71,0.0,True,False,False,False,199
10608,1,1,0.52,0.88,0.1045,False,True,False,False,10
13336,0,1,0.7,0.84,0.2239,False,False,True,False,269
10709,1,1,0.22,0.37,0.2985,False,True,False,False,581
12669,0,1,0.56,0.56,0.0896,False,True,False,False,74
14741,1,1,0.62,0.38,0.0,False,False,True,False,196
4525,1,1,0.82,0.52,0.1642,False,False,True,False,125
3433,1,1,0.58,0.88,0.1343,False,True,False,False,127
13998,0,1,0.74,0.66,0.1642,False,False,True,False,499
12871,1,2,0.76,0.45,0.2985,False,False,True,False,270
8070,1,3,0.24,0.93,0.4478,True,False,False,False,13
14824,1,1,0.64,0.73,0.2239,False,False,True,False,312
2853,1,1,0.68,0.57,0.3582,False,True,False,False,365
3534,1,2,0.68,0.89,0.2239,False,True,False,False,4
5250,1,1,0.8,0.27,0.194,False,False,True,False,298
10206,1,1,0.16,0.59,0.1045,False,False,False,True,501
6534,1,1,0.52,0.68,0.2239,True,False,False,False,261
7518,1,1,0.6,0.53,0.3582,True,False,False,False,213
4668,1,1,0.76,0.62,0.194,False,False,True,False,130
4828,1,2,0.74,0.79,0.0896,False,False,True,False,6
10789,1,3,0.4,0.62,0.2836,False,True,False,False,367
13379,1,3,0.76,0.66,0.5821,False,False,True,False,386
3918,1,1,0.54,0.94,0.1343,False,True,False,False,6
9423,1,2,0.42,0.77,0.0,False,False,False,True,137
13710,1,2,0.78,0.55,0.16999230769230772,False,False,True,False,215
12966,1,2,0.9,0.42,0.2836,False,False,True,False,188
10889,1,1,0.54,0.45,0.0,False,True,False,False,243
15396,0,2,0.42,0.66,0.2537,True,False,False,False,497
5300,0,1,0.7,0.74,0.2239,False,False,True,False,292
5215,1,1,0.68,0.61,0.0896,False,False,True,False,32
15432,1,2,0.46,0.88,0.0896,True,False,False,False,40
5862,1,2,0.6999518072289157,0.88,0.3881,False,False,True,False,373
630,0,2,0.22,0.55,0.1642,False,False,False,True,65
5966,0,2,0.62,0.78,0.0896,False,False,True,False,45
13671,0,1,0.66,0.83,0.2239,False,False,True,False,233
5806,0,1,0.66,0.78,0.1642,False,False,True,False,189
2419,0,2,0.5,0.63,0.3881,False,True,False,False,331
4390,1,1,0.72,0.74,0.2537,False,False,True,False,312
15229,1,3,0.56,0.64,0.1045,True,False,False,False,613
9243,1,2,0.28,0.75,0.0,False,False,False,True,21
11118,1,1,0.46,0.36,0.1343,False,True,False,False,233
6864,1,2,0.62,0.41,0.1642,True,False,False,False,169
9252,1,2,0.3,0.81,0.1343,False,False,False,True,108
447,1,2,0.3,0.49,0.1343,False,False,False,True,91
3318,1,2,0.54,0.94,0.0,False,True,False,False,4
11340,0,3,0.36,0.93,0.4478,False,True,False,False,27
14441,1,1,0.66,0.54,0.0,False,False,True,False,235
5719,1,1,0.7,0.51,0.2239,False,False,True,False,565
15174,0,1,0.56,0.6582070707070706,0.2836,True,False,False,False,663
12194,0,1,0.62,0.78,0.1045,False,True,False,False,67
8807,0,1,0.52,0.42,0.1045,False,False,False,True,215
2296,0,1,0.46,0.82,0.1045,False,True,False,False,263
3325,1,1,0.68,0.69,0.3881,False,True,False,False,180
7921,1,1,0.36,0.46,0.1343,True,False,False,False,418
7283,0,1,0.3,0.52,0.3284,True,False,False,False,31
5197,1,1,0.8,0.59,0.2239,False,False,True,False,149
14330,0,2,0.64,0.78,0.194,False,False,True,False,102
13975,1,2,0.74,0.66,0.3582,False,False,True,False,315
9234,1,1,0.34,0.53,0.1642,False,False,False,True,246
492,0,1,0.1,0.33,0.22123350253807106,False,False,False,True,75
9785,1,1,0.42,0.32,0.2985,False,False,False,True,307
11981,0,1,0.56,0.43,0.0,False,True,False,False,452
6375,1,2,0.6,0.94,0.0,True,False,False,False,22
9352,1,1,0.32,0.24,0.1343,False,False,False,True,115
4107,0,1,0.66,0.5,0.1642,False,False,True,False,95
12955,1,1,0.74,0.48,0.1343,False,False,True,False,114
13852,0,1,0.8,0.6385647058823529,0.3582,False,False,True,False,229
10629,0,1,0.58,0.68,0.0,False,True,False,False,156
12317,0,1,0.6,0.53,0.2985,False,True,False,False,493
16773,1,1,0.32,0.42,0.0,True,False,False,False,331
278,1,1,0.14,0.5,0.2836,False,False,False,True,2
2487,1,2,0.56,0.49,0.1642,False,True,False,False,169
694,1,3,0.16,0.93,0.0,False,False,False,True,52
3551,1,1,0.74,0.7,0.2836,False,True,False,False,190
13528,0,1,0.7,0.79,0.1045,False,False,True,False,345
9839,0,3,0.24,0.75,0.0896,False,False,False,True,55
12560,1,3,0.66,0.83,0.194,False,True,False,False,59
5087,1,2,0.7,0.6385647058823529,0.194,False,False,True,False,211
11418,1,2,0.5,0.51,0.0896,False,True,False,False,104
3005,1,1,0.44,0.54,0.20259243119266054,False,True,False,False,4
8563,1,1,0.32,0.39,0.3881,False,False,False,True,120
17339,0,1,0.24,0.52,0.4627,False,False,False,True,33
17208,1,3,0.24,0.93,0.1343,False,False,False,True,23
13103,1,1,0.72,0.58,0.0,False,False,True,False,7
4590,1,1,0.6,0.73,0.1642,False,False,True,False,10
11037,1,1,0.42,0.5,0.2239,False,True,False,False,9
15046,1,1,0.46,0.63,0.1642,True,False,False,False,5
7462,0,1,0.48,0.36,0.2836,True,False,False,False,353
11099,1,1,0.48,0.31,0.2836,False,True,False,False,353
3645,0,1,0.68,0.65,0.1642,False,True,False,False,357
14410,1,1,0.82,0.34,0.2985,False,False,True,False,317
17141,0,1,0.26,0.44,0.5821,False,False,False,True,31
9115,1,2,0.22,0.32,0.0896,False,False,False,True,349
14713,1,1,0.5,0.72,0.1343,False,False,True,False,180
5205,1,1,0.8,0.49,0.1045,False,False,True,False,371
11561,1,1,0.64,0.65,0.0,False,True,False,False,211
9510,1,1,0.18,0.8,0.1045,False,False,False,True,17
15793,1,2,0.52,0.88,0.194,True,False,False,False,171
13945,1,1,0.66,0.83,0.16999230769230772,False,False,True,False,167
12996,0,1,0.88,0.32,0.1343,False,False,True,False,362
6610,0,1,0.48,0.72,0.0,True,False,False,False,89
12400,1,1,0.54,0.56,0.1642,False,True,False,False,283
16779,1,1,0.24,0.65,0.1642,True,False,False,False,133
15037,0,1,0.54,0.37,0.194,True,False,False,False,540
5795,0,1,0.68,0.83,0.1045,False,False,True,False,162
10199,1,1,0.2,0.44,0.2537,False,False,False,True,6
14244,1,1,0.74,0.51,0.2836,False,False,True,False,878
11794,1,1,0.62,0.25,0.194,False,True,False,False,439
16809,0,2,0.36,0.93,0.0,True,False,False,False,12
5416,1,1,0.82,0.46,0.16999230769230772,False,False,True,False,182
15502,0,1,0.32,0.66,0.2239,True,False,False,False,15
2040,1,2,0.24,0.93,0.2537,False,True,False,False,27
12503,0,1,0.62,0.78,0.0896,False,True,False,False,10
3203,1,3,0.56,0.83,0.2537,False,True,False,False,202
10974,0,1,0.42,0.28,0.2537,False,True,False,False,363
14983,1,1,0.68,0.57,0.1642,False,False,True,False,389
9604,1,1,0.26,0.56,0.0896,False,False,False,True,5
7507,1,2,0.5,0.63,0.1720665036674817,True,False,False,False,111
8025,1,2,0.46,0.88,0.2985,True,False,False,False,16
2379,1,1,0.38,0.76,0.2239,False,True,False,False,10
1583,1,2,0.32,0.57,0.2985,False,False,False,True,81
9525,1,1,0.34,0.46,0.1642,False,False,False,True,201
2807,0,2,0.46,0.82,0.0,False,True,False,False,105
7572,1,2,0.42,0.6582070707070706,0.3284,True,False,False,False,3
10943,1,1,0.34,0.53,0.20259243119266054,False,True,False,False,8
14686,0,1,0.54,0.73,0.2239,False,False,True,False,46
17329,0,2,0.26,0.6,0.4627,False,False,False,True,54
9051,1,2,0.46,0.77,0.3284,False,False,False,True,10
14660,0,2,0.66,0.89,0.2836,False,False,True,False,117
12958,1,1,0.72,0.58,0.194,False,False,True,False,8
578,1,3,0.22,0.87,0.2985,False,False,False,True,58
10918,1,1,0.46,0.33,0.4478,False,True,False,False,18
11199,0,1,0.74,0.37,0.2985,False,True,False,False,375
2733,1,1,0.533015873015873,0.43,0.2985,False,True,False,False,404
9729,1,1,0.32,0.61,0.3582,False,False,False,True,515
7348,1,1,0.46,0.59,0.0,True,False,False,False,300
5731,1,1,0.6,0.78,0.0,False,False,True,False,105
15998,0,1,0.26,0.65,0.1045,True,False,False,False,50
6678,0,1,0.6,0.73,0.0,True,False,False,False,225
1081,1,1,0.48,0.55,0.3284,False,False,False,True,175
8397,1,3,0.44,0.94,0.2985,False,False,False,True,58
7015,1,1,0.48,0.75,0.1642,True,False,False,False,79
14621,1,3,0.66,0.94,0.1343,False,False,True,False,49
15101,1,1,0.6,0.73,0.2836,True,False,False,False,185
6167,1,2,0.6,0.6,0.0,False,False,True,False,177
6595,1,1,0.48,0.77,0.0,True,False,False,False,241
5328,0,3,0.6,0.88,0.4925,False,False,True,False,39
8534,1,2,0.3,0.65,0.1642,False,False,False,True,164
7576,1,3,0.34,0.61,0.2836,True,False,False,False,168
5208,1,1,0.78,0.46,0.2985,False,False,True,False,155
13265,1,1,0.72,0.58,0.2537,False,False,True,False,244
5258,1,1,0.6999518072289157,0.53,0.1642,False,False,True,False,65
6842,1,1,0.4294206549118388,0.56,0.2537,True,False,False,False,302
4114,0,1,0.7,0.48,0.2537,False,False,True,False,112
11967,1,1,0.62,0.41,0.1642,False,True,False,False,337
8217,1,1,0.26,0.75,0.0,True,False,False,False,8
16065,1,2,0.28,0.56,0.2985,True,False,False,False,74
523,0,1,0.08,0.38,0.194,False,False,False,True,28
5624,0,2,0.7,0.84,0.2985,False,False,True,False,18
7647,0,2,0.42,0.67,0.2537,True,False,False,False,9
17335,0,2,0.26,0.56,0.2239,False,False,False,True,7
12297,1,3,0.72,0.66,0.2836,False,True,False,False,254
7418,1,3,0.36,0.81,0.2239,True,False,False,False,177
12029,1,3,0.58,0.88,0.2836,False,True,False,False,99
16816,0,2,0.4,0.87,0.1045,True,False,False,False,404
14680,0,2,0.6,0.83,0.1642,False,False,True,False,181
16219,1,1,0.34,0.53,0.2537,True,False,False,False,218
12964,1,1,0.76,0.55,0.1642,False,False,True,False,300
15364,0,3,0.4,0.71,0.1343,True,False,False,False,86
8449,1,1,0.36,0.53,0.2239,False,False,False,True,140
14977,1,1,0.5,0.77,0.0896,False,False,True,False,165
14079,1,1,0.74,0.74,0.2239,False,False,True,False,436
946,0,1,0.14,0.86,0.0,False,False,False,True,24
16327,0,1,0.3,0.7,0.194,True,False,False,False,95
9630,0,3,0.22,0.93,0.1642,False,False,False,True,2
13290,1,2,0.7,0.51,0.16999230769230772,False,False,True,False,211
16216,1,3,0.3,0.75,0.3881,True,False,False,False,94
262,1,1,0.16,0.59,0.3284,False,False,False,True,81
10022,1,1,0.52,0.25,0.4179,False,False,False,True,174
6283,0,2,0.6,0.88,0.0896,True,False,False,False,175
16660,0,2,0.32,0.81,0.0,True,False,False,False,126
8644,0,1,0.36,0.66,0.0,False,False,False,True,31
3514,1,1,0.78,0.59,0.1343,False,True,False,False,406
7243,1,2,0.4,0.6582070707070706,0.194,True,False,False,False,110
4149,0,2,0.72,0.48,0.1343,False,False,True,False,317
9250,1,2,0.28793893129771,0.81,0.0896,False,False,False,True,530
1050,1,1,0.38,0.5804627249357327,0.3284,False,False,False,True,86
5407,1,1,0.64,0.78,0.2836,False,False,True,False,27
11325,0,1,0.46,0.72,0.2836,False,True,False,False,56
3150,1,1,0.5,1.0,0.1343,False,True,False,False,6
7826,0,1,0.54,0.56,0.194,True,False,False,False,204
7653,0,2,0.5,0.63,0.1343,True,False,False,False,304
7663,0,3,0.46,0.88,0.0896,True,False,False,False,40
16599,1,1,0.28,0.65,0.0896,True,False,False,False,178
1012,1,1,0.36,0.46,0.4627,False,False,False,True,70
5832,0,2,0.6999518072289157,0.74,0.1642,False,False,True,False,308
16544,1,2,0.32,0.7,0.1642,True,False,False,False,5
11578,1,1,0.64,0.65,0.194,False,True,False,False,256
12067,1,1,0.62,0.78,0.1343,False,True,False,False,47
7405,1,1,0.38,0.94,0.0896,True,False,False,False,3
426,1,1,0.32,0.57,0.4179,False,False,False,True,112
5137,0,3,0.7,0.84,0.2836,False,False,True,False,108
11690,1,2,0.48,0.82,0.1045,False,True,False,False,385
14773,1,1,0.66,0.44,0.2537,False,False,True,False,977
10650,0,3,0.44,1.0,0.194,False,True,False,False,104
7004,1,2,0.5,0.72,0.1642,True,False,False,False,168
15269,1,1,0.66,0.78,0.1642,True,False,False,False,175
10628,1,1,0.6,0.69,0.2537,False,True,False,False,176
4913,1,1,0.86,0.5,0.194,False,False,True,False,146
9094,1,1,0.26,0.52,0.4478,False,False,False,True,191
4399,1,1,0.64,0.89,0.1045,False,False,True,False,32
12728,1,1,0.74,0.58,0.1343,False,True,False,False,272
13449,1,1,0.86,0.44,0.0896,False,False,True,False,197
4806,0,1,0.6999518072289157,0.66,0.1045,False,False,True,False,6
1009,1,1,0.46,0.33,0.6119,False,False,False,True,243
15649,1,3,0.54,0.94,0.1642,True,False,False,False,131
2130,0,2,0.46,0.33,0.0,False,True,False,False,292
3892,1,1,0.6,0.56,0.0896,False,True,False,False,5
11074,1,3,0.38,0.46,0.2239,False,True,False,False,202
8347,1,1,0.26,0.65,0.2537,True,False,False,False,127
6374,1,1,0.6,0.88,0.0,True,False,False,False,4
1958,0,2,0.22,0.55,0.2239,False,True,False,False,86
14119,1,1,0.8,0.33,0.1045,False,False,True,False,343
14897,1,3,0.62,0.83,0.2537,False,False,True,False,129
14453,1,1,0.72,0.54,0.0,False,False,True,False,234
1649,1,2,0.28,0.61,0.0,False,False,False,True,88
4419,1,1,0.72,0.79,0.0,False,False,True,False,34
2013,1,1,0.36,0.21,0.0896,False,True,False,False,294
266,1,1,0.22,0.44,0.3582,False,False,False,True,49
3893,1,2,0.56,0.6218409090909092,0.0896,False,True,False,False,4
12701,1,3,0.54,0.88,0.20259243119266054,False,True,False,False,91
13076,0,1,0.68,0.74,0.0,False,False,True,False,123
1118,0,1,0.38,0.17,0.5821,False,False,False,True,45
9049,1,1,0.46,0.72,0.3881,False,False,False,True,61
2815,1,2,0.44,0.77,0.1343,False,True,False,False,20
12001,0,1,0.5,0.63,0.1343,False,True,False,False,25
10240,1,1,0.56,0.4,0.4627,False,False,False,True,544
14523,0,1,0.68,0.89,0.0896,False,False,True,False,129
6049,1,1,0.78,0.49,0.2537,False,False,True,False,176
14238,1,1,0.7,0.54,0.0,False,False,True,False,256
10017,1,1,0.32,0.45,0.2537,False,False,False,True,104
8391,1,2,0.36,0.87,0.22123350253807106,False,False,False,True,229
1969,0,1,0.26,0.41,0.1642,False,True,False,False,36
11157,0,2,0.54,0.56,0.1045,False,True,False,False,74
1245,1,3,0.32,0.93,0.0,False,False,False,True,9
15128,1,2,0.74,0.48,0.0,True,False,False,False,326
14731,1,1,0.52,0.6385647058823529,0.1045,False,False,True,False,32
5456,0,2,0.6,0.83,0.1343,False,False,True,False,24
16111,1,1,0.4294206549118388,0.53,0.2836,True,False,False,False,20
12199,0,1,0.76,0.62,0.1343,False,True,False,False,525
13936,1,1,0.6999518072289157,0.66,0.1045,False,False,True,False,381
2363,1,2,0.38,0.94,0.2239,False,True,False,False,65
10537,1,2,0.52,0.88,0.1343,False,False,False,True,6
8852,1,3,0.22,0.87,0.0896,False,False,False,True,49
5117,0,2,0.66,0.78,0.1642,False,False,True,False,42
3340,1,2,0.6,0.94,0.194,False,True,False,False,10
7369,1,1,0.56,0.46,0.1343,True,False,False,False,289
1817,1,2,0.42,0.71,0.2985,False,True,False,False,79
1069,1,1,0.32,0.57,0.1045,False,False,False,True,126
999,1,1,0.34,0.46,0.2985,False,False,False,True,98
9971,0,1,0.32,0.29,0.6567,False,False,False,True,258
16280,1,2,0.3,0.7,0.1642,True,False,False,False,9
8065,1,3,0.4,1.0,0.3284,True,False,False,False,52
4360,1,1,0.8,0.49,0.1642,False,False,True,False,178
11864,1,2,0.62,0.73,0.2239,False,True,False,False,176
6295,0,1,0.62,0.83,0.0896,True,False,False,False,222
11780,1,1,0.46,0.51,0.1343,False,True,False,False,46
15949,1,1,0.3,0.7,0.1642,True,False,False,False,122
16245,1,1,0.36,0.43,0.2836,True,False,False,False,260
17240,1,2,0.22,0.5804627249357327,0.2836,False,False,False,True,11
9119,1,2,0.2,0.37,0.0896,False,False,False,True,104
3725,1,2,0.72,0.84,0.1045,False,True,False,False,2
13241,1,2,0.64,0.83,0.1343,False,False,True,False,139
11515,1,1,0.44,0.72,0.1045,False,True,False,False,48
4619,0,1,0.7,0.54,0.2239,False,False,True,False,222
5817,0,1,0.74,0.7,0.2985,False,False,True,False,229
3937,1,1,0.533015873015873,0.83,0.1343,False,True,False,False,178
15102,1,1,0.64,0.6582070707070706,0.2537,True,False,False,False,227
803,0,1,0.26,0.93,0.1343,False,False,False,True,45
8160,0,1,0.3,0.26,0.0,True,False,False,False,206
5717,1,1,0.74,0.42,0.1343,False,False,True,False,309
11980,0,1,0.56,0.43,0.1642,False,True,False,False,292
6972,0,1,0.34,0.87,0.0,True,False,False,False,46
16831,0,2,0.4,0.87,0.1045,True,False,False,False,78
3427,1,1,0.74,0.58,0.3881,False,True,False,False,491
7760,0,1,0.4294206549118388,0.76,0.1045,True,False,False,False,21
7252,1,1,0.44,0.67,0.0896,True,False,False,False,252
5352,1,1,0.66,0.69,0.16999230769230772,False,False,True,False,98
2118,0,1,0.533015873015873,0.61,0.0,False,True,False,False,11
15826,1,2,0.62,0.6582070707070706,0.1045,True,False,False,False,448
15723,1,1,0.44,0.67,0.0,True,False,False,False,728
15424,1,2,0.48,0.77,0.1343,True,False,False,False,225
10880,1,1,0.52,0.25,0.0,False,True,False,False,331
8614,1,1,0.38,0.54,0.1642,False,False,False,True,242
9634,0,3,0.22,0.93,0.1045,False,False,False,True,90
4158,1,2,0.6,0.83,0.1642,False,False,True,False,9
1663,1,1,0.34,0.46,0.1343,False,False,False,True,63
11501,0,1,0.42,0.67,0.0896,False,True,False,False,380
11412,1,1,0.6,0.2,0.2985,False,True,False,False,732
6136,0,1,0.44,0.77,0.2537,False,False,True,False,12
10391,1,1,0.5,0.68,0.194,False,False,False,True,2
17361,1,1,0.16,0.64,0.1642,False,False,False,True,40
5187,1,1,0.72,0.66,0.0,False,False,True,False,14
13184,0,1,0.94,0.38,0.2537,False,False,True,False,337
2059,1,2,0.3,0.87,0.2537,False,True,False,False,85
14500,0,2,0.76,0.58,0.194,False,False,True,False,237
2632,0,1,0.7,0.54,0.20259243119266054,False,True,False,False,420
10212,1,1,0.32,0.36,0.2239,False,False,False,True,136
3853,1,1,0.64,0.41,0.2836,False,True,False,False,143
13493,0,3,0.6999518072289157,0.88,0.2537,False,False,True,False,268
11117,1,1,0.44,0.38,0.194,False,True,False,False,192
16337,0,1,0.38,0.62,0.2836,True,False,False,False,359
10586,1,2,0.48,1.0,0.0896,False,True,False,False,34
14901,1,3,0.6,0.94,0.194,False,False,True,False,4
2587,1,3,0.32,0.93,0.2239,False,True,False,False,69
17309,0,2,0.24,0.7,0.0,False,False,False,True,19
4356,1,1,0.76,0.52,0.1045,False,False,True,False,139
3018,1,1,0.66,0.31,0.1045,False,True,False,False,327
4298,0,1,0.7,0.58,0.2239,False,False,True,False,144
5396,1,1,0.76,0.55,0.2537,False,False,True,False,556
1915,1,1,0.36,0.32,0.3284,False,True,False,False,133
3439,0,1,0.56,0.88,0.2239,False,True,False,False,7
9170,1,2,0.18,0.86,0.0,False,False,False,True,19
13351,0,1,0.84,0.47,0.1045,False,False,True,False,489
714,1,3,0.22,0.93,0.1343,False,False,False,True,1
11894,1,1,0.66,0.69,0.1642,False,True,False,False,512
5573,1,1,0.66,0.74,0.3284,False,False,True,False,4
8165,0,1,0.22,0.55,0.0,True,False,False,False,63
14450,1,1,0.64,0.73,0.0,False,False,True,False,532
9308,0,1,0.42,0.41,0.2239,False,False,False,True,241
5756,1,1,0.6,0.83,0.1045,False,False,True,False,259
13890,1,1,0.72,0.74,0.194,False,False,True,False,113
1049,1,1,0.34,0.34,0.2985,False,False,False,True,66
17332,0,2,0.26,0.56,0.4179,False,False,False,True,28
17043,1,2,0.42,0.6582070707070706,0.1343,True,False,False,False,54
5566,1,1,0.6999518072289157,0.58,0.2985,False,False,True,False,334
10184,1,2,0.24,0.6,0.0,False,False,False,True,86
10291,1,1,0.36,0.34,0.3284,False,False,False,True,141
14152,1,2,0.68,0.69,0.2985,False,False,True,False,255
14984,1,1,0.7,0.54,0.1642,False,False,True,False,421
1041,1,2,0.2,0.47,0.194,False,False,False,True,1
9281,1,1,0.48,0.51,0.3284,False,False,False,True,197
6103,1,2,0.5,0.63,0.0,False,False,True,False,163
14223,1,2,0.62,0.83,0.2836,False,False,True,False,261
5652,0,1,0.62,0.73,0.1045,False,False,True,False,64
5143,0,1,0.7,0.89,0.194,False,False,True,False,5
6763,1,2,0.56,0.94,0.2239,True,False,False,False,180
9960,0,1,0.34,0.42,0.3582,False,False,False,True,46
6783,0,1,0.42,0.71,0.1642,True,False,False,False,7
2314,1,2,0.52,0.88,0.2836,False,True,False,False,314
15354,0,1,0.44,0.6582070707070706,0.1343,True,False,False,False,179
11904,1,1,0.54,0.94,0.1045,False,True,False,False,38
3482,0,1,0.64,0.6218409090909092,0.194,False,True,False,False,103
9469,0,1,0.3,0.7,0.0,False,False,False,True,270
1789,0,1,0.26,0.6,0.2239,False,False,False,True,4
6796,0,1,0.54,0.39,0.194,True,False,False,False,372
16927,1,2,0.26,0.56,0.2537,True,False,False,False,8
5692,1,1,0.74,0.35,0.2239,False,False,True,False,196
11463,1,1,0.46,0.31,0.2836,False,True,False,False,289
9422,1,1,0.42,0.82,0.0,False,False,False,True,148
6007,1,1,0.64,0.73,0.0896,False,False,True,False,195
7231,1,1,0.36,0.71,0.1343,True,False,False,False,106
15794,1,2,0.52,0.88,0.194,True,False,False,False,495
16876,1,1,0.46,0.88,0.2537,True,False,False,False,84
2049,1,3,0.533015873015873,0.93,0.2985,False,True,False,False,36
13539,1,1,0.72,0.79,0.1045,False,False,True,False,738
1750,1,2,0.68,0.39,0.22123350253807106,False,False,False,True,173
8412,1,1,0.38,0.82,0.1343,False,False,False,True,3
4329,0,1,0.66,0.83,0.1343,False,False,True,False,36
8652,0,1,0.26,0.93,0.1642,False,False,False,True,7
14482,1,1,0.9,0.27,0.16999230769230772,False,False,True,False,526
10372,1,2,0.46,0.82,0.2836,False,False,False,True,308
3231,1,3,0.58,0.64,0.2537,False,True,False,False,183
16547,1,2,0.3,0.81,0.2239,True,False,False,False,31
1020,1,1,0.22,0.32,0.4627,False,False,False,True,4
13870,1,3,0.72,0.6385647058823529,0.0896,False,False,True,False,5
11047,1,1,0.5,0.36,0.0,False,True,False,False,239
2952,0,1,0.54,0.49,0.194,False,True,False,False,120
7358,1,1,0.3,0.87,0.0896,True,False,False,False,18
4697,1,1,0.88,0.44,0.194,False,False,True,False,158
1747,1,2,0.56,0.49,0.3582,False,False,False,True,195
7602,1,1,0.26,0.41,0.1720665036674817,True,False,False,False,213
16205,0,2,0.54,0.6582070707070706,0.2239,True,False,False,False,63
16744,1,1,0.44,0.44,0.2836,True,False,False,False,172
14210,1,2,0.62,0.78,0.1343,False,False,True,False,442
14254,1,1,0.62,0.78,0.0,False,False,True,False,7
10970,0,1,0.32,0.36,0.194,False,True,False,False,19
10018,1,1,0.28793893129771,0.43,0.2537,False,False,False,True,103
5948,0,1,0.64,0.78,0.2985,False,False,True,False,207
297,1,1,0.16,0.47,0.2239,False,False,False,True,64
13443,1,1,0.76,0.58,0.2537,False,False,True,False,657
15715,1,1,0.4,0.62,0.0,True,False,False,False,31
10678,1,1,0.48,0.82,0.2537,False,True,False,False,28
3389,1,1,0.6,0.88,0.0896,False,True,False,False,4
8609,1,1,0.32,0.57,0.1343,False,False,False,True,197
380,0,2,0.16,0.47,0.2239,False,False,False,True,33
78,1,2,0.16,0.69,0.3284,False,False,False,True,42
5940,0,2,0.62,0.94,0.0,False,False,True,False,83
15817,1,2,0.52,0.88,0.0896,True,False,False,False,144
398,1,2,0.22,0.8,0.1642,False,False,False,True,28
14256,1,1,0.6,0.78,0.0,False,False,True,False,40
5921,1,2,0.62,1.0,0.1343,False,False,True,False,57
11430,1,2,0.46,0.94,0.2239,False,True,False,False,151
7767,1,1,0.26,0.81,0.1045,True,False,False,False,13
5521,1,1,0.62,0.41,0.2537,False,False,True,False,64
11707,1,2,0.52,0.52,0.2537,False,True,False,False,38
14289,1,1,0.78,0.6385647058823529,0.2239,False,False,True,False,305
5918,1,2,0.62,0.94,0.2537,False,False,True,False,2
17146,0,1,0.26,0.48,0.4179,False,False,False,True,5
1993,1,1,0.3,0.22,0.2239,False,True,False,False,40
16794,1,2,0.36,0.66,0.1720665036674817,True,False,False,False,220
3228,1,2,0.54,0.83,0.0,False,True,False,False,130
8279,1,2,0.32,0.45,0.2985,True,False,False,False,153
15958,1,2,0.4,0.4,0.4179,True,False,False,False,306
16637,0,1,0.26,0.6582070707070706,0.0,True,False,False,False,108
2428,0,2,0.36,0.87,0.1343,False,True,False,False,24
3352,1,1,0.78,0.46,0.2836,False,True,False,False,153
4376,1,1,0.7,0.79,0.0896,False,False,True,False,121
11449,1,1,0.533015873015873,0.43,0.2537,False,True,False,False,120
2170,1,2,0.533015873015873,0.88,0.3284,False,True,False,False,134
15880,0,3,0.44,0.88,0.4179,True,False,False,False,46
13384,1,1,0.76,0.66,0.1343,False,False,True,False,328
13923,1,2,0.74,0.72,0.0896,False,False,True,False,737
15754,1,1,0.68,0.41,0.2239,True,False,False,False,346
1027,1,1,0.28,0.24,0.2537,False,False,False,True,71
2546,1,1,0.56,0.43,0.3582,False,True,False,False,44
30,0,2,0.4,0.76,0.194,False,False,False,True,1
4211,1,1,0.72,0.45,0.3881,False,False,True,False,221
6608,1,1,0.5,0.68,0.0,True,False,False,False,146
13255,1,2,0.78,0.43,0.0,False,False,True,False,292
5721,1,1,0.66,0.57,0.1343,False,False,True,False,289
11531,1,1,0.56,0.6,0.194,False,True,False,False,347
6943,1,1,0.42,0.54,0.1720665036674817,True,False,False,False,113
97,1,1,0.2,0.47,0.2239,False,False,False,True,33
12723,1,2,0.6,0.78,0.1642,False,True,False,False,673
5072,1,2,0.68,0.89,0.2985,False,False,True,False,97
15144,1,1,0.56,0.88,0.0,True,False,False,False,38
1175,0,2,0.24,0.5804627249357327,0.3582,False,False,False,True,66
4937,1,1,0.96,0.3,0.2537,False,False,True,False,169
7628,0,1,0.36,0.4,0.0,True,False,False,False,233
6487,0,1,0.36,0.71,0.2239,True,False,False,False,88
15735,1,1,0.5,0.59,0.1045,True,False,False,False,403
5124,0,2,0.74,0.7,0.2836,False,False,True,False,290
4699,1,1,0.8,0.66,0.0,False,False,True,False,513
3830,1,1,0.533015873015873,0.41,0.2836,False,True,False,False,196
3071,1,1,0.56,0.83,0.1343,False,True,False,False,223
14286,1,1,0.76,0.48,0.0896,False,False,True,False,278
1519,1,1,0.38,0.27,0.1642,False,False,False,True,108
7893,1,2,0.38,0.43,0.3582,True,False,False,False,147
13108,1,1,0.84,0.49,0.2985,False,False,True,False,293
11957,1,1,0.6,0.46,0.1343,False,True,False,False,255
15533,0,1,0.54,0.56,0.194,True,False,False,False,428
3280,0,1,0.72,0.42,0.0,False,True,False,False,456
15639,1,2,0.56,0.68,0.2537,True,False,False,False,387
329,0,1,0.16,0.59,0.0,False,False,False,True,1
11150,0,2,0.6,0.4,0.1642,False,True,False,False,459
3104,0,2,0.5,0.88,0.1045,False,True,False,False,11
16765,1,1,0.22,0.51,0.2985,True,False,False,False,659
3015,1,2,0.62,0.38,0.2537,False,True,False,False,202
13234,1,1,0.8,0.41,0.2239,False,False,True,False,265
3166,1,1,0.58,0.83,0.20259243119266054,False,True,False,False,198
10892,1,1,0.48,0.48,0.20259243119266054,False,True,False,False,41
11128,1,1,0.5,0.36,0.0,False,True,False,False,189
17263,1,2,0.24,0.87,0.3284,False,False,False,True,3
1307,0,1,0.48,0.44,0.1642,False,False,False,True,268
963,0,1,0.28,0.38,0.3284,False,False,False,True,64
9150,0,3,0.16,0.8,0.2836,False,False,False,True,2
15763,1,1,0.54,0.73,0.0896,True,False,False,False,46
2301,0,1,0.5,0.77,0.194,False,True,False,False,240
14507,0,2,0.84,0.49,0.1642,False,False,True,False,462
870,1,1,0.22,0.32,0.22123350253807106,False,False,False,True,176
14091,1,2,0.7,0.65,0.2836,False,False,True,False,682
1886,1,2,0.26,0.93,0.2239,False,True,False,False,97
3774,0,1,0.68,0.79,0.0896,False,True,False,False,13
10795,1,1,0.36,0.71,0.1642,False,True,False,False,153
3047,1,1,0.54,0.6,0.0,False,True,False,False,234
11790,1,1,0.533015873015873,0.35,0.2537,False,True,False,False,291
10999,0,1,0.5,0.25,0.2836,False,True,False,False,404
965,0,1,0.26,0.41,0.2239,False,False,False,True,40
4796,0,1,0.92,0.4,0.2239,False,False,True,False,196
10378,1,1,0.6,0.6,0.3881,False,False,False,True,233
8369,1,2,0.36,0.66,0.0,True,False,False,False,259
16486,0,1,0.28,0.38,0.4478,True,False,False,False,170
2089,1,1,0.3,0.56,0.1642,False,True,False,False,74
4805,0,1,0.8,0.63,0.0896,False,False,True,False,37
2934,0,1,0.4,0.82,0.1045,False,True,False,False,5
9753,1,2,0.3,0.7,0.0896,False,False,False,True,498
2945,0,1,0.6,0.38,0.2537,False,True,False,False,378
9660,0,1,0.12,0.42,0.2985,False,False,False,True,124
10276,1,2,0.4,0.5,0.3582,False,False,False,True,85
7490,0,1,0.52,0.27,0.3284,True,False,False,False,231
9775,1,2,0.28,0.96,0.1343,False,False,False,True,71
14197,0,2,0.64,0.78,0.1045,False,False,True,False,377
5393,1,1,0.8,0.43,0.1343,False,False,True,False,159
1371,1,1,0.32,0.49,0.2836,False,False,False,True,76
13249,1,1,0.64,0.89,0.1343,False,False,True,False,185
7740,0,1,0.4294206549118388,0.65,0.1343,True,False,False,False,5
4491,1,1,0.7,0.61,0.2836,False,False,True,False,10
7836,1,1,0.44,0.6582070707070706,0.0896,True,False,False,False,4
4244,1,1,0.76,0.29,0.2537,False,False,True,False,586
600,1,2,0.18,0.8,0.1343,False,False,False,True,16
6980,0,1,0.46,0.72,0.1642,True,False,False,False,333
1878,1,2,0.3,1.0,0.2239,False,True,False,False,3
9220,1,1,0.28,0.7,0.194,False,False,False,True,6
12449,1,1,0.6,0.46,0.1642,False,True,False,False,228
2036,1,3,0.26,0.93,0.1045,False,True,False,False,116
1235,1,2,0.4,0.5,0.2985,False,False,False,True,69
15383,0,1,0.32,0.87,0.1343,True,False,False,False,7
16252,1,1,0.28,0.61,0.0,True,False,False,False,173
5590,1,1,0.64,0.78,0.3582,False,False,True,False,225
15665,1,1,0.5,0.77,0.0896,True,False,False,False,190
4642,0,1,0.68,0.65,0.2239,False,False,True,False,118
12125,1,1,0.68,0.79,0.1642,False,True,False,False,232
17033,1,2,0.4,0.87,0.0,True,False,False,False,232
232,1,1,0.28793893129771,0.59,0.1642,False,False,False,True,18
14642,1,1,0.64,0.89,0.1045,False,False,True,False,486
9791,1,1,0.36,0.4,0.2239,False,False,False,True,107
8742,1,1,0.2,0.51,0.0896,False,False,False,True,4
17047,1,2,0.44,0.88,0.2239,True,False,False,False,7
4594,1,1,0.64,0.65,0.2537,False,False,True,False,564
2056,1,3,0.3,0.87,0.1343,False,True,False,False,68
739,1,1,0.16,0.5,0.2985,False,False,False,True,2
12956,1,1,0.74,0.51,0.1642,False,False,True,False,42
16901,1,1,0.3,0.52,0.1642,True,False,False,False,34
2134,0,2,0.42,0.44,0.194,False,True,False,False,144
2635,0,1,0.66,0.65,0.2985,False,True,False,False,331
1777,0,1,0.46,0.31,0.3284,False,False,False,True,217
3950,0,1,0.74,0.66,0.0896,False,True,False,False,420
8271,1,2,0.38,0.46,0.2985,True,False,False,False,231
14362,0,3,0.6999518072289157,0.89,0.2836,False,False,True,False,391
17258,1,3,0.26,0.87,0.2985,False,False,False,True,10
6461,0,2,0.38,0.82,0.194,True,False,False,False,126
9955,1,1,0.44,0.62,0.4179,False,False,False,True,167
7956,0,1,0.22,0.75,0.1343,True,False,False,False,8
3846,1,1,0.54,0.6,0.2537,False,True,False,False,3
13280,1,1,0.6999518072289157,0.33,0.2239,False,False,True,False,277
8158,0,1,0.3,0.28,0.0,True,False,False,False,242
8097,1,1,0.24,0.65,0.1720665036674817,True,False,False,False,14
7807,0,2,0.38,0.76,0.0,True,False,False,False,65
4595,1,1,0.68,0.6385647058823529,0.194,False,False,True,False,207
3946,0,1,0.66,0.78,0.0896,False,True,False,False,131
6086,1,1,0.4,0.71,0.2836,False,False,True,False,4
6543,1,1,0.44,0.82,0.1343,True,False,False,False,32
6076,1,3,0.48,0.67,0.16999230769230772,False,False,True,False,244
8372,1,2,0.44,0.6582070707070706,0.1343,True,False,False,False,175
3301,0,1,0.7,0.54,0.194,False,True,False,False,373
11350,1,2,0.32,0.81,0.2836,False,True,False,False,1
119,1,2,0.14,0.69,0.0896,False,False,False,True,4
702,1,2,0.24,0.75,0.0,False,False,False,True,52
8173,1,1,0.16,0.8,0.0,True,False,False,False,21
5327,0,3,0.6,0.88,0.4925,False,False,True,False,155
14221,1,2,0.62,0.78,0.2537,False,False,True,False,815
13919,1,1,0.7,0.84,0.0,False,False,True,False,7
7616,1,1,0.26,0.6,0.1343,True,False,False,False,59
5766,1,2,0.6999518072289157,0.65,0.1642,False,False,True,False,455
3344,1,2,0.58,0.94,0.194,False,True,False,False,112
4659,1,1,0.7,0.6385647058823529,0.2239,False,False,True,False,25
11815,0,1,0.64,0.36,0.1642,False,True,False,False,559
10000,0,1,0.36,0.32,0.2239,False,False,False,True,287
14110,1,1,0.62,0.73,0.2537,False,False,True,False,4
2825,1,1,0.66,0.61,0.194,False,True,False,False,155
16648,0,2,0.32,0.76,0.1045,True,False,False,False,392
9382,1,1,0.4,0.58,0.1045,False,False,False,True,238
2707,1,3,0.66,0.83,0.3881,False,True,False,False,521
211,1,1,0.12,0.5,0.2239,False,False,False,True,3
10825,0,2,0.34,0.81,0.20259243119266054,False,True,False,False,12
9458,0,1,0.26,0.7,0.22123350253807106,False,False,False,True,86
800,0,2,0.28,0.93,0.4478,False,False,False,True,84
12418,1,1,0.64,0.38,0.0,False,True,False,False,300
10627,1,1,0.6,0.64,0.2836,False,True,False,False,271
3197,1,3,0.52,0.94,0.2985,False,True,False,False,9
1155,0,2,0.32,0.57,0.2239,False,False,False,True,47
8791,0,1,0.32,0.57,0.1045,False,False,False,True,20
2157,1,2,0.72,0.23,0.4925,False,True,False,False,386
3710,1,1,0.88,0.42,0.1343,False,True,False,False,149
551,1,1,0.14,0.74,0.1045,False,False,False,True,1
4749,1,1,0.86,0.67,0.2836,False,False,True,False,284
14156,0,3,0.62,0.94,0.1642,False,False,True,False,92
12002,0,1,0.52,0.68,0.194,False,True,False,False,90
15458,1,1,0.36,0.5,0.2537,True,False,False,False,478
10031,1,1,0.42,0.54,0.1343,False,False,False,True,10
11898,1,3,0.56,0.88,0.1045,False,True,False,False,71
16780,1,1,0.24,0.65,0.1642,True,False,False,False,93
8049,1,2,0.46,1.0,0.2537,True,False,False,False,13
9121,1,3,0.16,0.64,0.2239,False,False,False,True,38
12285,1,1,0.64,0.57,0.2239,False,True,False,False,16
11530,1,2,0.52,0.55,0.1045,False,True,False,False,231
17030,1,2,0.4,0.87,0.0,True,False,False,False,282
3669,1,1,0.72,0.54,0.194,False,True,False,False,407
1425,1,1,0.36,0.46,0.194,False,False,False,True,118
16685,1,2,0.42,0.82,0.1642,True,False,False,False,21
7328,0,1,0.34,0.87,0.0896,True,False,False,False,50
14285,1,1,0.74,0.58,0.0896,False,False,True,False,233
28,0,2,0.46,0.94,0.194,False,False,False,True,3
11233,1,2,0.533015873015873,0.39,0.2836,False,True,False,False,134
1920,1,2,0.3,0.36,0.2836,False,True,False,False,135
7999,0,1,0.34,0.87,0.1045,True,False,False,False,45
6661,0,1,0.46,0.88,0.0,True,False,False,False,11
7940,1,1,0.36,0.57,0.1343,True,False,False,False,204
6886,1,2,0.54,0.94,0.2836,True,False,False,False,106
2804,0,2,0.46,0.82,0.0896,False,True,False,False,159
15914,1,2,0.4,0.5,0.194,True,False,False,False,410
11647,0,1,0.72,0.58,0.1045,False,True,False,False,550
14428,1,1,0.7,0.51,0.194,False,False,True,False,348
14782,1,1,0.52,0.83,0.0,False,False,True,False,11
14956,1,1,0.56,0.6,0.0896,False,False,True,False,355
2418,0,1,0.52,0.55,0.4925,False,True,False,False,243
8159,0,1,0.3,0.26,0.0,True,False,False,False,266
1717,1,1,0.32,0.76,0.1045,False,False,False,True,13
1386,1,1,0.24,0.5804627249357327,0.22123350253807106,False,False,False,True,1
3878,1,1,0.7,0.34,0.2239,False,True,False,False,211
13646,1,1,0.82,0.52,0.194,False,False,True,False,516
12008,0,1,0.7,0.37,0.2836,False,True,False,False,607
709,1,2,0.22,0.87,0.0896,False,False,False,True,36
3900,1,2,0.66,0.61,0.2537,False,True,False,False,121
5340,1,1,0.68,0.69,0.2836,False,False,True,False,141
15268,1,2,0.62,0.83,0.194,True,False,False,False,362
